species,weight_g,length1_cm,length2_cm,length3_cm,height_cm,width_cm,source,seed_id
Bream,242.0,23.2,25.4,30.0,11.52,4.02,original,0
Bream,290.0,24.0,26.3,31.2,12.48,4.3056,original,1
Bream,340.0,23.9,26.5,31.1,12.3778,4.6961,original,2
Bream,363.0,26.3,29.0,33.5,12.73,4.4555,original,3
Bream,430.0,26.5,29.0,34.0,12.444,5.134,original,4
Bream,450.0,26.8,29.7,34.7,13.6024,4.9274,original,5
Bream,500.0,26.8,29.7,34.5,14.1795,5.2785,original,6
Bream,390.0,27.6,30.0,35.0,12.67,4.69,original,7
Bream,450.0,27.6,30.0,35.1,14.0049,4.8438,original,8
Bream,500.0,28.5,30.7,36.2,14.2266,4.9594,original,9
Bream,475.0,28.4,31.0,36.2,14.2628,5.1042,original,10
Bream,500.0,28.7,31.0,36.2,14.3714,4.8146,original,11
Bream,500.0,29.1,31.5,36.4,13.7592,4.368,original,12
Bream,340.0,29.5,32.0,37.3,13.9129,5.0728,original,13
Bream,600.0,29.4,32.0,37.2,14.9544,5.1708,original,14
Bream,600.0,29.4,32.0,37.2,15.438,5.58,original,15
Bream,700.0,30.4,33.0,38.3,14.8604,5.2854,original,16
Bream,700.0,30.4,33.0,38.5,14.938,5.1975,original,17
Bream,610.0,30.9,33.5,38.6,15.633,5.1338,original,18
Bream,650.0,31.0,33.5,38.7,14.4738,5.7276,original,19
Bream,575.0,31.3,34.0,39.5,15.1285,5.5695,original,20
Bream,685.0,31.4,34.0,39.2,15.9936,5.3704,original,21
Bream,620.0,31.5,34.5,39.7,15.5227,5.2801,original,22
Bream,680.0,31.8,35.0,40.6,15.4686,6.1306,original,23
Bream,700.0,31.9,35.0,40.5,16.2405,5.589,original,24
Bream,725.0,31.8,35.0,40.9,16.36,6.0532,original,25
Bream,720.0,32.0,35.0,40.6,16.3618,6.09,original,26
Bream,714.0,32.7,36.0,41.5,16.517,5.8515,original,27
Bream,850.0,32.8,36.0,41.6,16.8896,6.1984,original,28
Bream,1000.0,33.5,37.0,42.6,18.957,6.603,original,29
Bream,920.0,35.0,38.5,44.1,18.0369,6.3063,original,30
Bream,955.0,35.0,38.5,44.0,18.084,6.292,original,31
Bream,925.0,36.2,39.5,45.3,18.7542,6.7497,original,32
Bream,975.0,37.4,41.0,45.9,18.6354,6.7473,original,33
Bream,950.0,38.0,41.0,46.5,17.6235,6.3705,original,34
Roach,40.0,12.9,14.1,16.2,4.1472,2.268,original,35
Roach,69.0,16.5,18.2,20.3,5.2983,2.8217,original,36
Roach,78.0,17.5,18.8,21.2,5.5756,2.9044,original,37
Roach,87.0,18.2,19.8,22.2,5.6166,3.1746,original,38
Roach,120.0,18.6,20.0,22.2,6.216,3.5742,original,39
Roach,0.0,19.0,20.5,22.8,6.4752,3.3516,original,40
Roach,110.0,19.1,20.8,23.1,6.1677,3.3957,original,41
Roach,120.0,19.4,21.0,23.7,6.1146,3.2943,original,42
Roach,150.0,20.4,22.0,24.7,5.8045,3.7544,original,43
Roach,145.0,20.5,22.0,24.3,6.6339,3.5478,original,44
Roach,160.0,20.5,22.5,25.3,7.0334,3.8203,original,45
Roach,140.0,21.0,22.5,25.0,6.55,3.325,original,46
Roach,160.0,21.1,22.5,25.0,6.4,3.8,original,47
Roach,169.0,22.0,24.0,27.2,7.5344,3.8352,original,48
Roach,161.0,22.0,23.4,26.7,6.9153,3.6312,original,49
Roach,200.0,22.1,23.5,26.8,7.3968,4.1272,original,50
Roach,180.0,23.6,25.2,27.9,7.0866,3.906,original,51
Roach,290.0,24.0,26.0,29.2,8.8768,4.4968,original,52
Roach,272.0,25.0,27.0,30.6,8.568,4.7736,original,53
Roach,390.0,29.5,31.7,35.0,9.485,5.355,original,54
Whitefish,270.0,23.6,26.0,28.7,8.3804,4.2476,original,55
Whitefish,270.0,24.1,26.5,29.3,8.1454,4.2485,original,56
Whitefish,306.0,25.6,28.0,30.8,8.778,4.6816,original,57
Whitefish,540.0,28.5,31.0,34.0,10.744,6.562,original,58
Whitefish,800.0,33.7,36.4,39.6,11.7612,6.5736,original,59
Whitefish,1000.0,37.3,40.0,43.5,12.354,6.525,original,60
Parkki,55.0,13.5,14.7,16.5,6.8475,2.3265,original,61
Parkki,60.0,14.3,15.5,17.4,6.5772,2.3142,original,62
Parkki,90.0,16.3,17.7,19.8,7.4052,2.673,original,63
Parkki,120.0,17.5,19.0,21.3,8.3922,2.9181,original,64
Parkki,150.0,18.4,20.0,22.4,8.8928,3.2928,original,65
Parkki,140.0,19.0,20.7,23.2,8.5376,3.2944,original,66
Parkki,170.0,19.0,20.7,23.2,9.396,3.4104,original,67
Parkki,145.0,19.8,21.5,24.1,9.7364,3.1571,original,68
Parkki,200.0,21.2,23.0,25.8,10.3458,3.6636,original,69
Parkki,273.0,23.0,25.0,28.0,11.088,4.144,original,70
Parkki,300.0,24.0,26.0,29.0,11.368,4.234,original,71
Perch,5.9,7.5,8.4,8.8,2.112,1.408,original,72
Perch,32.0,12.5,13.7,14.7,3.528,1.9992,original,73
Perch,40.0,13.8,15.0,16.0,3.824,2.432,original,74
Perch,51.5,15.0,16.2,17.2,4.5924,2.6316,original,75
Perch,70.0,15.7,17.4,18.5,4.588,2.9415,original,76
Perch,100.0,16.2,18.0,19.2,5.2224,3.3216,original,77
Perch,78.0,16.8,18.7,19.4,5.1992,3.1234,original,78
Perch,80.0,17.2,19.0,20.2,5.6358,3.0502,original,79
Perch,85.0,17.8,19.6,20.8,5.1376,3.0368,original,80
Perch,85.0,18.2,20.0,21.0,5.082,2.772,original,81
Perch,110.0,19.0,21.0,22.5,5.6925,3.555,original,82
Perch,115.0,19.0,21.0,22.5,5.9175,3.3075,original,83
Perch,125.0,19.0,21.0,22.5,5.6925,3.6675,original,84
Perch,130.0,19.3,21.3,22.8,6.384,3.534,original,85
Perch,120.0,20.0,22.0,23.5,6.11,3.4075,original,86
Perch,120.0,20.0,22.0,23.5,5.64,3.525,original,87
Perch,130.0,20.0,22.0,23.5,6.11,3.525,original,88
Perch,135.0,20.0,22.0,23.5,5.875,3.525,original,89
Perch,110.0,20.0,22.0,23.5,5.5225,3.995,original,90
Perch,130.0,20.5,22.5,24.0,5.856,3.624,original,91
Perch,150.0,20.5,22.5,24.0,6.792,3.624,original,92
Perch,145.0,20.7,22.7,24.2,5.9532,3.63,original,93
Perch,150.0,21.0,23.0,24.5,5.2185,3.626,original,94
Perch,170.0,21.5,23.5,25.0,6.275,3.725,original,95
Perch,225.0,22.0,24.0,25.5,7.293,3.723,original,96
Perch,145.0,22.0,24.0,25.5,6.375,3.825,original,97
Perch,188.0,22.6,24.6,26.2,6.7334,4.1658,original,98
Perch,180.0,23.0,25.0,26.5,6.4395,3.6835,original,99
Perch,197.0,23.5,25.6,27.0,6.561,4.239,original,100
Perch,218.0,25.0,26.5,28.0,7.168,4.144,original,101
Perch,300.0,25.2,27.3,28.7,8.323,5.1373,original,102
Perch,260.0,25.4,27.5,28.9,7.1672,4.335,original,103
Perch,265.0,25.4,27.5,28.9,7.0516,4.335,original,104
Perch,250.0,25.4,27.5,28.9,7.2828,4.5662,original,105
Perch,250.0,25.9,28.0,29.4,7.8204,4.2042,original,106
Perch,300.0,26.9,28.7,30.1,7.5852,4.6354,original,107
Perch,320.0,27.8,30.0,31.6,7.6156,4.7716,original,108
Perch,514.0,30.5,32.8,34.0,10.03,6.018,original,109
Perch,556.0,32.0,34.5,36.5,10.2565,6.3875,original,110
Perch,840.0,32.5,35.0,37.3,11.4884,7.7957,original,111
Perch,685.0,34.0,36.5,39.0,10.881,6.864,original,112
Perch,700.0,34.0,36.0,38.3,10.6091,6.7408,original,113
Perch,700.0,34.5,37.0,39.4,10.835,6.2646,original,114
Perch,690.0,34.6,37.0,39.3,10.5717,6.3666,original,115
Perch,900.0,36.5,39.0,41.4,11.1366,7.4934,original,116
Perch,650.0,36.5,39.0,41.4,11.1366,6.003,original,117
Perch,820.0,36.6,39.0,41.3,12.4313,7.3514,original,118
Perch,850.0,36.9,40.0,42.3,11.9286,7.1064,original,119
Perch,900.0,37.0,40.0,42.5,11.73,7.225,original,120
Perch,1015.0,37.0,40.0,42.4,12.3808,7.4624,original,121
Perch,820.0,37.1,40.0,42.5,11.135,6.63,original,122
Perch,1100.0,39.0,42.0,44.6,12.8002,6.8684,original,123
Perch,1000.0,39.8,43.0,45.2,11.9328,7.2772,original,124
Perch,1100.0,40.1,43.0,45.5,12.5125,7.4165,original,125
Perch,1000.0,40.2,43.5,46.0,12.604,8.142,original,126
Perch,1000.0,41.1,44.0,46.6,12.4888,7.5958,original,127
Pike,200.0,30.0,32.3,34.8,5.568,3.3756,original,128
Pike,300.0,31.7,34.0,37.8,5.7078,4.158,original,129
Pike,300.0,32.7,35.0,38.8,5.9364,4.3844,original,130
Pike,300.0,34.8,37.3,39.8,6.2884,4.0198,original,131
Pike,430.0,35.5,38.0,40.5,7.29,4.5765,original,132
Pike,345.0,36.0,38.5,41.0,6.396,3.977,original,133
Pike,456.0,40.0,42.5,45.5,7.28,4.3225,original,134
Pike,510.0,40.0,42.5,45.5,6.825,4.459,original,135
Pike,540.0,40.1,43.0,45.8,7.786,5.1296,original,136
Pike,500.0,42.0,45.0,48.0,6.96,4.896,original,137
Pike,567.0,43.2,46.0,48.7,7.792,4.87,original,138
Pike,770.0,44.8,48.0,51.2,7.68,5.376,original,139
Pike,950.0,48.3,51.7,55.1,8.9262,6.1712,original,140
Pike,1250.0,52.0,56.0,59.7,10.6863,6.9849,original,141
Pike,1600.0,56.0,60.0,64.0,9.6,6.144,original,142
Pike,1550.0,56.0,60.0,64.0,9.6,6.144,original,143
Pike,1650.0,59.0,63.4,68.0,10.812,7.48,original,144
Smelt,6.7,9.3,9.8,10.8,1.7388,1.0476,original,145
Smelt,7.5,10.0,10.5,11.6,1.972,1.16,original,146
Smelt,7.0,10.1,10.6,11.6,1.7284,1.1484,original,147
Smelt,9.7,10.4,11.0,12.0,2.196,1.38,original,148
Smelt,9.8,10.7,11.2,12.4,2.0832,1.2772,original,149
Smelt,8.7,10.8,11.3,12.6,1.9782,1.2852,original,150
Smelt,10.0,11.3,11.8,13.1,2.2139,1.2838,original,151
Smelt,9.9,11.3,11.8,13.1,2.2139,1.1659,original,152
Smelt,9.8,11.4,12.0,13.2,2.2044,1.1484,original,153
Smelt,12.2,11.5,12.2,13.4,2.0904,1.3936,original,154
Smelt,13.4,11.7,12.4,13.5,2.43,1.269,original,155
Smelt,12.2,12.1,13.0,13.8,2.277,1.2558,original,156
Smelt,19.7,13.2,14.3,15.2,2.8728,2.0672,original,157
Smelt,19.9,13.8,15.0,16.2,2.9322,1.8792,original,158
Bream,356.7,26.3,28.5,33.4,12.8258,4.4631,synthetic,8
Bream,717.3,33.4,36.4,41.8,17.2006,5.9365,synthetic,32
Bream,540.4,30.0,32.6,37.7,14.1534,4.5819,synthetic,12
Bream,531.9,28.7,31.9,37.1,14.6216,5.3088,synthetic,5
Bream,755.9,32.9,36.0,41.3,16.6204,5.6685,synthetic,31
Bream,799.8,31.7,34.8,40.3,17.3077,6.1184,synthetic,29
Bream,610.4,29.9,32.8,38.7,15.2721,5.5157,synthetic,25
Bream,546.9,27.8,30.4,35.7,14.6007,5.1043,synthetic,14
Bream,404.2,26.9,29.7,34.2,13.2565,4.7678,synthetic,3
Bream,720.0,32.1,35.3,40.9,16.4533,5.7606,synthetic,24
Bream,512.1,29.3,31.6,36.7,14.1445,4.7761,synthetic,11
Bream,546.0,29.6,32.5,37.5,14.7592,5.0454,synthetic,22
Bream,482.1,28.4,30.9,36.1,14.3743,5.0837,synthetic,10
Bream,411.3,27.0,29.3,34.5,13.2661,4.7001,synthetic,9
Bream,664.9,29.7,32.3,37.7,14.2897,5.2256,synthetic,17
Bream,692.1,30.0,32.7,38.1,14.5475,5.2378,synthetic,16
Bream,617.0,30.0,32.9,38.2,16.0883,5.5993,synthetic,15
Bream,829.3,32.9,35.8,41.1,17.7985,5.7768,synthetic,18
Bream,932.6,36.3,39.7,45.7,17.7035,6.8237,synthetic,23
Bream,1014.3,35.4,38.6,44.3,17.5851,6.5268,synthetic,28
Bream,404.6,25.4,28.2,32.7,13.1273,4.7686,synthetic,6
Bream,990.9,38.3,41.4,46.7,17.934,6.3447,synthetic,34
Bream,698.7,32.2,35.0,40.6,15.9693,5.7425,synthetic,20
Bream,663.5,30.9,33.8,39.2,15.7505,5.6978,synthetic,26
Bream,398.9,25.8,28.5,33.2,13.1874,4.8707,synthetic,2
Bream,673.9,32.1,34.6,39.8,15.7401,5.0449,synthetic,21
Bream,1010.0,38.4,41.7,46.8,18.3672,6.7772,synthetic,33
Bream,404.8,30.5,33.2,38.8,14.8518,5.6966,synthetic,13
Bream,785.0,33.6,37.1,42.7,17.0383,6.1617,synthetic,27
Bream,707.1,31.9,34.3,39.5,15.1536,5.9313,synthetic,19
Bream,494.9,27.8,30.3,35.4,13.6226,5.3025,synthetic,4
Bream,282.3,24.0,26.3,31.2,12.3407,4.2981,synthetic,1
Bream,453.7,28.9,31.6,36.6,13.4687,4.9469,synthetic,7
Bream,249.8,23.8,26.1,30.6,11.9223,3.9491,synthetic,0
Bream,1187.1,37.3,40.9,46.7,19.5182,6.9191,synthetic,30
Bream,854.1,33.3,36.3,42.2,16.9954,5.8593,synthetic,24
Bream,507.6,27.1,30.0,34.8,14.1156,5.1569,synthetic,6
Bream,707.1,33.0,36.3,41.7,16.4376,5.792,synthetic,22
Bream,737.7,31.6,34.6,40.3,15.9842,6.0397,synthetic,26
Bream,696.9,31.2,34.1,39.4,15.8055,5.5268,synthetic,14
Bream,876.3,34.3,37.8,43.4,19.2232,6.4436,synthetic,29
Bream,1012.4,37.6,41.0,46.9,19.1455,7.0937,synthetic,32
Bream,658.5,31.5,34.6,40.0,16.0532,5.637,synthetic,27
Bream,419.0,27.2,29.8,35.0,13.9538,4.8736,synthetic,1
Bream,657.6,31.0,34.3,39.8,15.1869,5.9809,synthetic,23
Bream,430.0,27.9,30.3,35.3,12.9865,4.8465,synthetic,7
Bream,892.1,34.9,38.3,43.9,18.4216,6.0885,synthetic,30
Bream,256.5,27.3,29.6,34.5,12.2907,4.4794,synthetic,13
Bream,550.8,28.3,30.9,36.0,14.4955,5.0432,synthetic,10
Bream,478.1,28.5,30.7,35.9,14.3663,4.8576,synthetic,8
Bream,582.8,31.2,33.9,39.3,15.1347,5.5462,synthetic,20
Bream,712.0,30.9,34.1,39.6,15.8251,5.9396,synthetic,28
Bream,743.5,32.1,34.8,40.0,14.9519,5.952,synthetic,19
Bream,418.4,25.9,28.2,33.2,12.273,4.9512,synthetic,4
Bream,834.0,31.4,34.0,39.6,15.761,5.4262,synthetic,17
Bream,811.0,34.9,38.3,43.1,17.135,6.0811,synthetic,33
Bream,1116.2,39.4,42.3,48.0,18.711,6.6636,synthetic,34
Bream,456.7,26.5,29.3,34.3,13.5729,4.9367,synthetic,5
Bream,872.8,33.4,36.2,41.8,16.281,5.6091,synthetic,16
Bream,537.7,29.0,31.5,36.8,14.6663,5.402,synthetic,15
Bream,615.6,29.8,32.2,37.4,14.9355,5.0382,synthetic,21
Bream,436.3,28.2,31.0,35.7,13.509,4.8811,synthetic,3
Bream,532.2,28.4,30.8,36.3,14.6484,5.0825,synthetic,9
Bream,411.3,27.5,30.0,34.7,12.8732,4.1925,synthetic,12
Bream,794.0,32.9,36.1,41.5,16.9138,5.9203,synthetic,31
Bream,325.6,24.9,26.9,31.7,12.2866,4.1006,synthetic,11
Bream,642.8,31.1,33.9,39.3,15.811,5.4473,synthetic,18
Bream,714.3,31.8,35.1,41.1,16.3077,6.0619,synthetic,25
Bream,504.2,28.5,31.3,36.3,14.1902,5.2664,synthetic,2
Bream,305.8,24.6,26.9,31.7,12.0884,4.2367,synthetic,0
Bream,766.1,30.8,33.6,39.1,15.6973,5.3572,synthetic,17
Bream,557.0,28.7,31.1,36.2,14.7968,5.2213,synthetic,15
Bream,725.4,31.1,33.7,39.1,15.615,5.6418,synthetic,14
Bream,430.0,26.7,29.7,34.5,13.314,4.8353,synthetic,5
Bream,863.9,35.9,39.2,44.7,17.2917,6.1338,synthetic,30
Bream,553.6,29.1,31.5,36.5,14.4194,4.7567,synthetic,18
Bream,273.9,24.0,26.4,31.3,12.3229,4.2154,synthetic,0
Bream,623.4,30.4,32.7,38.3,15.2641,5.3185,synthetic,9
Bream,515.3,30.5,33.2,38.4,14.2,5.3073,synthetic,7
Bream,500.7,26.8,29.4,34.2,14.1139,5.1405,synthetic,6
Bream,1003.4,36.9,40.3,46.1,19.192,6.859,synthetic,32
Bream,602.8,30.7,33.2,38.4,15.7225,5.208,synthetic,21
Bream,795.6,32.9,35.9,41.4,16.8541,6.1172,synthetic,26
Bream,786.2,34.2,37.8,43.3,16.4197,6.4441,synthetic,23
Bream,329.2,24.8,27.3,32.4,12.9097,4.6496,synthetic,1
Bream,596.4,31.8,34.7,39.9,15.5684,5.134,synthetic,22
Bream,454.6,28.2,30.6,35.5,12.9272,4.3387,synthetic,12
Bream,894.1,35.6,39.3,44.3,18.1735,6.865,synthetic,33
Bream,811.2,33.7,37.0,42.5,17.5449,5.979,synthetic,27
Bream,468.1,28.2,30.8,36.0,14.2184,5.1415,synthetic,10
Bream,774.4,34.8,37.5,43.0,16.368,5.7218,synthetic,34
Bream,350.0,29.3,31.6,36.8,13.4987,5.1444,synthetic,13
Bream,537.6,30.3,32.9,38.1,14.8956,5.2453,synthetic,8
Bream,381.6,26.5,29.1,33.7,12.9054,4.6009,synthetic,3
Bream,838.4,34.8,38.0,43.6,17.3736,5.7883,synthetic,24
Bream,767.6,30.0,32.6,37.9,15.0032,5.3057,synthetic,16
Bream,1289.4,37.3,40.9,46.8,19.3869,7.0889,synthetic,28
Bream,738.3,30.6,33.7,39.1,17.0218,5.9323,synthetic,29
Bream,717.5,31.5,34.2,39.6,14.9083,6.0585,synthetic,19
Bream,649.3,30.6,33.6,39.4,15.7766,5.9156,synthetic,25
Bream,798.5,35.0,38.0,43.7,17.1562,6.3682,synthetic,20
Bream,414.1,26.2,29.0,33.9,13.606,5.1997,synthetic,2
Bream,393.8,25.7,27.9,32.9,12.1124,4.8355,synthetic,4
Bream,339.7,24.9,26.9,32.0,12.6433,4.1954,synthetic,11
Bream,934.6,35.6,39.1,44.6,18.3828,6.3717,synthetic,31
Bream,894.1,37.0,40.2,45.3,18.168,6.4112,synthetic,33
Bream,441.3,26.1,28.8,33.5,13.6315,4.9982,synthetic,6
Bream,511.0,29.4,31.8,37.3,14.7921,5.2002,synthetic,9
Bream,312.9,25.1,27.7,32.7,13.1698,4.5536,synthetic,1
Bream,842.4,34.2,37.7,43.4,17.604,6.2271,synthetic,24
Bream,900.5,35.4,38.6,44.2,18.5477,6.4228,synthetic,32
Bream,511.2,30.0,32.6,37.9,14.7206,5.2235,synthetic,20
Bream,548.7,29.8,32.7,37.9,14.3495,5.2902,synthetic,22
Bream,668.0,31.1,33.6,38.8,14.6416,5.7775,synthetic,19
Bream,908.8,34.5,37.9,43.4,17.7561,6.1944,synthetic,31
Bream,786.1,33.7,37.0,42.6,17.4305,6.1114,synthetic,30
Bream,587.0,29.3,31.8,36.8,15.2847,5.3437,synthetic,15
Bream,557.6,29.5,32.2,37.6,13.6556,5.6343,synthetic,4
Bream,545.7,27.8,30.4,35.7,14.6013,5.1146,synthetic,14
Bream,644.9,31.7,34.4,39.7,16.0457,5.4452,synthetic,18
Bream,345.2,29.4,31.9,37.2,13.9181,5.0272,synthetic,13
Bream,818.3,32.5,35.7,41.2,16.6971,6.1114,synthetic,28
Bream,374.1,25.6,28.5,33.3,12.7411,4.6728,synthetic,5
Bream,581.1,30.1,33.2,38.5,15.5512,5.5349,synthetic,26
Bream,929.2,32.4,35.8,41.6,18.3265,6.326,synthetic,29
Bream,459.0,27.8,30.1,35.3,13.9224,4.7756,synthetic,11
Bream,885.6,33.7,36.5,42.1,17.0457,5.7971,synthetic,16
Bream,434.3,26.7,29.0,34.3,13.3047,4.7325,synthetic,10
Bream,851.5,36.7,39.6,45.2,17.0643,6.1779,synthetic,34
Bream,955.5,34.5,37.3,43.2,16.9359,5.7506,synthetic,17
Bream,422.6,25.1,28.0,32.8,13.4553,5.1743,synthetic,2
Bream,673.9,31.3,34.4,40.2,16.231,5.9722,synthetic,25
Bream,671.9,32.8,36.2,41.6,16.6033,5.8007,synthetic,27
Bream,267.7,24.4,26.9,31.2,11.8783,4.17,synthetic,3
Bream,227.4,22.5,24.6,29.3,11.1379,3.8161,synthetic,0
Bream,640.3,30.9,33.5,38.7,15.931,5.3326,synthetic,21
Bream,363.7,25.4,27.6,32.5,12.8065,4.3856,synthetic,8
Bream,480.6,29.6,32.4,37.8,13.9745,5.505,synthetic,23
Bream,472.7,28.3,30.5,35.5,13.5342,4.3258,synthetic,12
Bream,416.5,27.1,29.6,34.6,12.9369,4.7204,synthetic,7
Bream,883.0,35.5,38.8,44.5,18.3473,6.5985,synthetic,32
Bream,729.9,32.6,35.8,41.4,16.4317,5.7315,synthetic,24
Bream,254.8,24.0,26.2,31.2,12.2639,4.3447,synthetic,1
Bream,672.6,31.7,35.0,40.5,16.8659,5.6472,synthetic,30
Bream,555.0,30.3,33.2,38.6,15.1278,5.4142,synthetic,27
Bream,1362.4,36.8,40.7,46.7,20.808,7.4085,synthetic,29
Bream,382.8,25.6,27.9,32.8,12.0766,4.9194,synthetic,4
Bream,425.4,27.7,30.7,35.2,13.5261,4.7237,synthetic,3
Bream,285.2,28.1,30.3,35.4,12.7945,4.5959,synthetic,13
Bream,558.9,29.1,32.0,37.4,14.9062,5.7536,synthetic,26
Bream,726.4,30.4,33.7,38.8,16.0734,5.9889,synthetic,6
Bream,721.6,31.5,34.0,39.5,15.7094,5.3304,synthetic,11
Bream,638.8,31.2,34.3,40.0,15.7779,5.6729,synthetic,25
Bream,511.5,28.8,31.5,36.7,14.8997,5.2398,synthetic,10
Bream,649.8,31.6,34.3,39.5,14.5578,5.5888,synthetic,19
Bream,515.8,28.7,31.6,36.8,14.4022,5.1101,synthetic,5
Bream,594.2,30.1,32.5,38.1,15.3631,5.3287,synthetic,9
Bream,702.8,31.8,34.5,39.8,15.9111,5.2798,synthetic,18
Bream,837.0,34.8,38.0,43.6,17.1063,5.9565,synthetic,31
Bream,290.6,24.3,26.6,31.3,12.221,4.3375,synthetic,0
Bream,417.0,26.7,29.1,34.1,13.2352,4.7415,synthetic,8
Bream,812.4,34.4,37.6,43.3,16.6677,6.2324,synthetic,23
Bream,802.6,32.4,35.3,40.5,15.7718,5.7965,synthetic,16
Bream,778.9,31.0,33.9,39.5,15.8161,5.585,synthetic,17
Bream,606.5,32.2,35.1,40.1,14.7216,5.5177,synthetic,7
Bream,835.4,35.5,38.9,43.8,17.6044,6.3425,synthetic,33
Bream,661.5,30.9,33.4,38.6,16.1261,5.6359,synthetic,15
Bream,860.3,32.6,36.0,41.4,17.435,6.1678,synthetic,28
Bream,728.4,32.5,35.2,40.4,15.5951,5.1179,synthetic,12
Bream,743.5,30.9,33.5,39.0,15.7519,5.4936,synthetic,14
Bream,756.3,32.4,35.2,40.6,16.378,5.5617,synthetic,21
Bream,289.5,22.4,24.8,29.3,11.6459,4.4914,synthetic,2
Bream,763.5,31.9,34.9,40.0,15.6798,5.5072,synthetic,22
Bream,1011.1,37.8,40.9,46.5,17.5723,6.4247,synthetic,34
Bream,478.8,29.7,32.2,37.5,14.1544,5.0791,synthetic,20
Bream,717.0,33.3,36.5,41.9,16.6323,5.6103,synthetic,22
Bream,401.2,27.4,29.7,34.5,12.4869,4.546,synthetic,7
Bream,358.6,25.1,27.5,32.5,13.5769,4.6635,synthetic,1
Bream,548.0,29.1,31.8,37.3,15.0955,5.622,synthetic,26
Bream,508.6,28.7,31.8,36.9,14.6937,5.1546,synthetic,27
Bream,758.7,33.5,36.4,42.0,17.0716,6.2219,synthetic,32
Bream,370.2,25.0,27.7,32.5,12.5504,4.5315,synthetic,5
Bream,305.5,24.4,26.6,31.6,12.2287,4.3224,synthetic,10
Bream,676.5,31.2,33.9,39.5,15.691,5.4323,synthetic,14
Bream,358.7,24.5,27.1,31.7,12.623,4.7605,synthetic,2
Bream,798.1,32.1,35.4,41.3,17.078,6.322,synthetic,25
Bream,510.1,30.2,32.8,37.8,15.1486,5.0009,synthetic,18
Bream,716.3,32.9,35.6,40.9,15.0061,6.0232,synthetic,19
Bream,820.3,35.8,38.5,43.8,16.6714,5.9393,synthetic,34
Bream,499.8,31.6,34.4,39.9,15.4815,5.6091,synthetic,13
Bream,898.0,36.5,39.9,44.7,18.2638,6.278,synthetic,33
Bream,449.5,26.3,28.8,33.7,12.7691,5.1614,synthetic,4
Bream,669.4,31.6,34.8,40.3,15.4273,6.0512,synthetic,23
Bream,639.9,29.9,32.6,37.9,14.485,5.0732,synthetic,17
Bream,592.9,28.9,32.1,36.9,15.1199,5.7897,synthetic,6
Bream,585.5,29.3,31.6,37.1,15.2756,5.2962,synthetic,9
Bream,407.8,26.9,29.0,34.1,13.3587,4.5391,synthetic,11
Bream,270.0,22.9,25.2,29.7,11.4897,3.9648,synthetic,0
Bream,1213.2,37.2,40.7,46.4,20.1851,7.0437,synthetic,29
Bream,666.1,29.8,32.2,37.4,14.2435,5.2575,synthetic,16
Bream,859.7,34.1,37.4,43.2,17.5705,6.0939,synthetic,24
Bream,650.5,31.9,35.1,40.5,16.0775,5.5682,synthetic,30
Bream,535.0,29.2,31.8,37.0,14.7128,5.3417,synthetic,15
Bream,848.3,32.8,36.2,41.9,16.6387,6.4813,synthetic,28
Bream,672.7,30.9,33.6,38.7,15.6937,5.2519,synthetic,21
Bream,405.8,27.3,30.2,34.9,13.5064,4.7865,synthetic,3
Bream,429.9,28.8,31.4,36.8,14.2721,5.1859,synthetic,20
Bream,504.9,29.0,31.3,36.2,13.9167,4.4187,synthetic,12
Bream,513.3,28.7,31.0,36.3,14.6852,5.0223,synthetic,8
Bream,1118.8,36.7,40.3,46.2,18.9399,6.885,synthetic,31
Bream,410.3,25.5,28.3,32.9,13.0476,4.9254,synthetic,2
Bream,403.0,28.1,30.6,35.6,13.2085,4.7801,synthetic,7
Bream,305.5,27.3,29.6,34.9,13.0378,4.6723,synthetic,13
Bream,294.8,25.5,28.0,32.6,12.7322,4.5126,synthetic,0
Bream,807.0,33.7,36.4,41.6,16.9085,5.5497,synthetic,18
Bream,770.2,33.5,36.7,42.1,16.6102,5.7255,synthetic,22
Bream,396.5,24.9,27.6,32.5,13.0141,4.639,synthetic,5
Bream,709.2,31.6,34.8,40.5,16.1972,6.0157,synthetic,25
Bream,992.1,34.2,37.8,43.4,18.9068,6.7227,synthetic,29
Bream,845.8,35.5,38.9,43.8,17.6196,6.3377,synthetic,33
Bream,516.4,29.3,32.2,37.6,14.402,5.1441,synthetic,27
Bream,509.4,28.3,30.7,35.8,13.3827,5.3074,synthetic,4
Bream,550.3,28.3,31.3,36.6,14.8928,5.5245,synthetic,26
Bream,679.2,31.2,34.1,39.4,15.6133,5.3232,synthetic,24
Bream,529.7,29.2,31.8,36.9,14.9733,5.0554,synthetic,21
Bream,623.7,30.1,32.7,38.0,15.3804,5.3207,synthetic,8
Bream,714.7,31.8,34.2,39.6,15.127,5.84,synthetic,19
Bream,643.8,30.7,33.3,38.8,15.0131,5.3364,synthetic,17
Bream,718.0,32.4,35.5,40.8,16.1953,5.4961,synthetic,30
Bream,433.4,27.6,30.0,34.6,13.0606,4.1662,synthetic,12
Bream,645.8,30.8,33.3,38.6,15.3303,5.1729,synthetic,11
Bream,550.9,29.2,31.8,36.9,14.82,5.4579,synthetic,15
Bream,581.0,28.4,31.5,36.5,14.9757,5.5335,synthetic,6
Bream,817.8,35.4,38.4,44.0,17.8778,6.4189,synthetic,32
Bream,761.8,31.8,34.4,39.6,15.4871,5.5507,synthetic,16
Bream,334.7,26.1,28.8,33.3,12.771,4.4882,synthetic,3
Bream,608.4,28.3,31.0,36.2,15.3309,5.2534,synthetic,14
Bream,651.0,31.8,34.6,40.0,15.9969,5.679,synthetic,10
Bream,310.9,24.5,26.8,31.8,12.6742,4.4461,synthetic,1
Bream,1021.7,39.0,41.7,47.3,17.7092,6.584,synthetic,34
Bream,573.0,30.3,32.7,38.3,15.3948,5.0467,synthetic,9
Bream,647.0,32.8,35.8,41.5,16.4766,5.8606,synthetic,20
Bream,580.0,29.5,32.4,37.8,14.3127,5.54,synthetic,23
Bream,886.7,34.7,38.1,43.4,17.5715,6.3968,synthetic,31
Bream,595.0,28.8,31.8,37.0,14.9917,5.4288,synthetic,28
Bream,399.1,27.7,30.3,35.3,12.8585,4.8478,synthetic,7
Bream,526.8,28.0,31.0,35.9,14.4461,5.5248,synthetic,2
Bream,805.4,33.4,36.6,41.8,16.766,5.5487,synthetic,31
Bream,640.5,30.3,33.4,39.2,15.2224,5.7947,synthetic,25
Bream,802.9,33.3,36.2,41.5,17.9049,5.6063,synthetic,18
Bream,255.1,23.4,25.6,30.4,11.9025,4.2831,synthetic,0
Bream,284.2,24.6,27.2,31.7,12.1974,4.2659,synthetic,3
Bream,595.5,31.0,33.8,38.9,14.8599,5.1837,synthetic,22
Bream,740.8,31.0,33.9,39.3,15.8393,5.6657,synthetic,28
Bream,507.6,29.2,31.6,36.6,13.8841,4.4601,synthetic,12
Bream,424.8,26.0,28.4,33.2,13.5825,5.0463,synthetic,15
Bream,1099.6,38.6,42.1,47.2,19.5271,6.9133,synthetic,33
Bream,935.6,35.4,39.0,44.9,18.0582,6.3766,synthetic,30
Bream,829.4,34.0,37.0,42.7,17.1603,5.7483,synthetic,24
Bream,414.0,24.5,27.3,31.8,13.0034,4.8751,synthetic,6
Bream,647.8,31.7,34.5,40.0,15.9165,5.8655,synthetic,20
Bream,607.0,30.9,33.4,38.5,15.4595,5.0936,synthetic,21
Bream,504.3,28.0,30.0,35.5,13.8395,4.8075,synthetic,9
Bream,1193.4,39.1,42.6,48.6,20.0692,7.4015,synthetic,32
Bream,681.2,33.3,36.0,41.6,16.121,5.6766,synthetic,10
Bream,877.6,34.6,38.0,43.9,17.7838,6.4355,synthetic,27
Bream,731.2,32.7,36.0,41.6,15.8659,6.1195,synthetic,23
Bream,1106.9,39.7,43.2,48.7,18.7673,6.7827,synthetic,34
Bream,711.5,31.0,33.4,38.8,15.1031,5.3062,synthetic,16
Bream,420.7,26.9,29.4,34.4,13.7547,4.7416,synthetic,14
Bream,417.4,26.1,28.9,33.9,13.2501,4.8762,synthetic,5
Bream,422.9,26.5,29.0,33.9,12.4256,4.9856,synthetic,4
Bream,624.7,29.7,32.3,37.7,14.4755,4.9768,synthetic,17
Bream,553.0,28.9,31.5,36.6,14.7164,5.2367,synthetic,8
Bream,314.2,24.3,26.7,31.5,12.5644,4.3015,synthetic,1
Bream,674.0,28.4,31.6,36.9,16.4798,5.8477,synthetic,29
Bream,318.8,28.6,30.9,36.2,12.9594,4.7139,synthetic,13
Bream,471.2,28.6,30.9,36.1,14.0689,4.7265,synthetic,11
Bream,709.4,32.6,35.8,41.4,16.7759,6.2559,synthetic,26
Bream,716.7,31.4,34.1,39.3,15.2576,5.8465,synthetic,19
Bream,255.1,23.5,25.8,30.4,11.7321,4.1472,synthetic,0
Bream,414.0,25.2,27.8,32.4,12.8744,4.5787,synthetic,6
Bream,299.5,23.1,25.7,30.2,12.0871,4.5427,synthetic,2
Bream,721.4,32.0,34.8,40.1,14.9704,5.8936,synthetic,19
Bream,522.2,28.8,31.5,36.7,14.7177,5.2853,synthetic,10
Bream,212.1,21.7,23.7,28.4,11.2564,3.8799,synthetic,1
Bream,776.4,33.6,36.9,42.2,16.7417,5.6697,synthetic,22
Bream,777.1,31.4,34.3,39.9,15.5329,5.712,synthetic,16
Bream,1015.6,39.1,42.1,47.5,18.7105,6.2638,synthetic,34
Bream,566.6,30.0,33.2,38.4,15.4474,5.1234,synthetic,24
Bream,666.3,29.8,32.9,38.1,16.5339,5.8003,synthetic,29
Bream,732.0,31.5,34.5,39.8,16.6033,6.0797,synthetic,15
Bream,470.3,27.3,29.9,35.0,14.1099,5.0506,synthetic,14
Bream,1102.9,37.5,41.0,46.6,19.1838,6.3799,synthetic,31
Bream,635.3,30.5,33.4,39.1,15.5782,5.6766,synthetic,25
Bream,886.5,35.1,38.7,44.4,17.7958,6.3326,synthetic,27
Bream,462.8,27.7,30.0,35.1,13.7668,4.5735,synthetic,11
Bream,507.6,29.2,31.6,36.6,13.8841,4.4601,synthetic,12
Bream,456.8,28.2,30.5,35.7,14.2781,5.0102,synthetic,8
Bream,405.9,27.8,30.3,35.3,12.8909,4.7549,synthetic,7
Bream,556.1,29.4,32.0,37.4,14.9223,5.5117,synthetic,26
Bream,646.5,31.9,34.9,40.6,15.3641,5.8813,synthetic,23
Bream,299.6,26.4,29.1,33.6,12.6664,4.4791,synthetic,3
Bream,987.8,36.5,40.3,45.8,18.6346,6.6944,synthetic,30
Bream,777.1,31.3,34.2,40.0,15.8326,5.8108,synthetic,17
Bream,777.6,32.2,35.3,40.8,16.9093,6.2221,synthetic,28
Bream,624.9,30.5,32.9,38.8,15.2617,5.5575,synthetic,9
Bream,529.7,29.2,31.8,36.9,14.9733,5.0554,synthetic,21
Bream,448.0,30.4,32.9,38.2,14.3316,5.2348,synthetic,20
Bream,482.6,30.1,32.5,37.5,15.0375,4.8444,synthetic,18
Bream,490.0,28.3,30.9,35.8,13.2423,5.3363,synthetic,4
Bream,323.6,28.3,30.7,36.2,13.4741,4.8676,synthetic,13
Bream,1227.9,40.2,44.1,49.2,19.5871,7.4154,synthetic,33
Bream,843.1,34.5,37.5,43.3,17.9775,6.3497,synthetic,32
Bream,314.4,23.7,26.2,31.0,12.0074,4.2832,synthetic,5
Parkki,250.6,22.6,24.5,27.5,11.173,3.9432,synthetic,69
Parkki,75.7,15.6,16.9,19.0,6.9549,2.6067,synthetic,66
Parkki,365.7,25.2,27.2,30.3,11.7576,4.5983,synthetic,71
Parkki,189.2,20.4,22.2,24.9,10.0302,3.7,synthetic,70
Parkki,58.3,13.6,14.9,16.7,7.1322,2.4038,synthetic,61
Parkki,189.3,19.5,21.2,23.8,9.7295,3.5982,synthetic,65
Parkki,142.5,18.1,19.7,22.1,9.0084,3.2032,synthetic,67
Parkki,127.5,19.2,20.8,23.3,9.4211,2.9836,synthetic,68
Parkki,105.6,17.0,18.5,20.7,7.7379,2.8488,synthetic,63
Parkki,99.4,16.7,18.1,20.4,7.8991,2.8214,synthetic,62
Parkki,85.7,15.6,17.0,19.0,7.5141,2.5528,synthetic,64
Parkki,217.9,22.1,23.9,26.7,10.5487,3.7075,synthetic,71
Parkki,83.4,15.4,16.7,18.7,7.2836,2.6269,synthetic,65
Parkki,155.8,19.5,21.2,23.8,8.9841,3.3923,synthetic,66
Parkki,64.0,14.7,15.9,17.8,6.8225,2.3814,synthetic,63
Parkki,363.5,25.6,27.9,31.2,11.7877,4.6046,synthetic,70
Parkki,222.3,20.7,22.5,25.2,10.4131,3.724,synthetic,67
Parkki,216.7,21.6,23.4,26.3,10.4551,3.7834,synthetic,69
Parkki,49.6,12.9,14.1,15.8,6.4856,2.1999,synthetic,61
Parkki,110.7,17.8,19.3,21.7,8.7807,2.8693,synthetic,68
Parkki,65.1,14.7,15.9,17.9,6.7736,2.3875,synthetic,62
Parkki,163.6,19.4,21.1,23.6,9.114,3.2066,synthetic,64
Parkki,192.2,20.4,22.1,24.8,9.9301,3.5046,synthetic,64
Parkki,133.0,18.2,19.7,22.1,8.4537,3.1089,synthetic,63
Parkki,39.2,12.2,13.3,14.9,6.2264,2.0738,synthetic,61
Parkki,166.3,18.9,20.6,23.1,9.3375,3.3846,synthetic,67
Parkki,148.6,18.4,20.0,22.4,8.8862,3.2794,synthetic,65
Parkki,164.9,19.9,21.7,24.3,9.824,3.4165,synthetic,69
Parkki,254.7,22.5,24.5,27.4,10.838,4.0334,synthetic,70
Parkki,103.0,17.4,18.8,21.1,8.3037,2.8053,synthetic,68
Parkki,139.6,18.9,20.6,23.1,8.5661,3.2809,synthetic,66
Parkki,84.8,15.8,17.2,19.3,7.4322,2.6079,synthetic,62
Parkki,379.1,25.9,28.1,31.4,12.3244,4.6997,synthetic,71
Parkki,242.9,21.9,23.7,26.6,10.3984,3.8984,synthetic,65
Parkki,181.0,21.4,23.2,26.1,10.4864,3.4464,synthetic,68
Parkki,145.6,18.9,20.5,23.0,8.9836,3.1681,synthetic,64
Parkki,117.7,17.6,19.1,21.5,8.702,3.0368,synthetic,69
Parkki,148.4,19.2,20.8,23.3,8.9552,3.2379,synthetic,63
Parkki,260.6,22.4,24.3,27.1,10.685,4.0015,synthetic,71
Parkki,60.2,13.9,15.2,17.0,7.0236,2.3989,synthetic,61
Parkki,120.2,17.9,19.4,21.7,8.3428,3.005,synthetic,62
Parkki,254.7,22.5,24.5,27.4,10.838,4.0334,synthetic,70
Parkki,184.2,20.4,22.2,24.8,9.0867,3.6688,synthetic,66
Parkki,117.3,17.2,18.7,21.0,8.3243,2.9593,synthetic,67
Parkki,131.2,18.2,19.8,22.2,8.2577,3.1926,synthetic,66
Parkki,85.9,15.8,17.1,19.2,7.1852,2.6698,synthetic,62
Parkki,192.5,20.9,22.7,25.4,10.1829,3.61,synthetic,69
Parkki,118.8,16.7,18.2,20.4,8.0419,3.0071,synthetic,67
Parkki,180.4,20.5,22.2,24.8,9.8259,3.5548,synthetic,71
Parkki,126.0,17.9,19.4,21.7,8.5152,2.9657,synthetic,64
Parkki,189.3,19.5,21.2,23.8,9.7295,3.5982,synthetic,65
Parkki,324.5,23.9,26.0,29.1,11.8666,4.4254,synthetic,70
Parkki,93.8,16.5,17.9,20.1,7.5364,2.7182,synthetic,63
Parkki,214.2,21.9,23.8,26.7,11.044,3.6599,synthetic,68
Parkki,72.1,15.0,16.3,18.3,7.4807,2.5837,synthetic,61
Parkki,122.7,17.1,18.7,20.9,8.2211,3.0018,synthetic,67
Parkki,336.8,25.1,27.2,30.4,12.0035,4.4842,synthetic,71
Parkki,204.3,21.6,23.5,26.3,10.8149,3.6114,synthetic,68
Parkki,104.1,16.2,17.6,19.7,8.1703,2.8726,synthetic,65
Parkki,147.8,19.4,21.0,23.6,9.2804,3.3049,synthetic,69
Parkki,103.0,17.1,18.7,20.9,7.5419,2.9097,synthetic,66
Parkki,70.0,15.4,16.7,18.7,7.1678,2.4602,synthetic,62
Parkki,328.4,24.2,26.3,29.4,11.9723,4.4016,synthetic,70
Parkki,152.7,19.2,20.8,23.3,9.1739,3.2107,synthetic,64
Parkki,44.7,12.6,13.8,15.4,6.5001,2.2007,synthetic,61
Parkki,172.7,20.2,21.9,24.5,9.0547,3.3865,synthetic,63
Parkki,185.5,20.0,21.8,24.4,9.8914,3.525,synthetic,67
Parkki,108.6,16.6,18.0,20.2,7.9919,2.8694,synthetic,65
Parkki,100.8,17.3,18.8,21.0,7.9751,2.801,synthetic,63
Parkki,91.5,16.6,18.1,20.3,7.3456,2.7764,synthetic,66
Parkki,207.2,20.9,22.7,25.4,10.5612,3.6579,synthetic,69
Parkki,96.8,16.3,17.8,19.9,7.759,2.7674,synthetic,62
Parkki,161.0,19.4,21.1,23.7,9.2059,3.3853,synthetic,70
Parkki,144.1,19.7,21.4,23.9,9.6414,3.1575,synthetic,68
Parkki,59.5,14.3,15.6,17.5,7.2702,2.3608,synthetic,61
Parkki,127.5,17.8,19.4,21.7,8.6134,2.9811,synthetic,64
Parkki,212.9,21.1,22.9,25.6,10.0946,3.7367,synthetic,71
Parkki,127.5,19.2,20.8,23.3,9.4211,2.9836,synthetic,68
Parkki,129.7,17.7,19.2,21.5,8.2594,3.1494,synthetic,65
Parkki,120.2,17.9,19.4,21.7,8.3428,3.005,synthetic,62
Parkki,172.7,20.2,21.9,24.5,9.0547,3.3865,synthetic,63
Parkki,230.5,22.5,24.4,27.3,10.8456,3.888,synthetic,69
Parkki,215.0,21.7,23.6,26.3,10.0339,3.7681,synthetic,71
Parkki,113.1,16.8,18.2,20.4,7.9708,2.8547,synthetic,64
Parkki,121.9,18.2,19.8,22.2,7.9619,3.1508,synthetic,66
Parkki,56.0,13.3,14.5,16.2,6.6373,2.3281,synthetic,61
Parkki,166.3,18.9,20.6,23.1,9.3375,3.3846,synthetic,67
Parkki,261.5,22.2,24.1,27.0,11.0076,4.0326,synthetic,70
Parkki,202.8,20.7,22.5,25.2,9.9647,3.6952,synthetic,70
Parkki,189.1,19.5,21.2,23.7,9.3371,3.6373,synthetic,65
Parkki,106.3,17.8,19.3,21.6,8.4887,2.8004,synthetic,68
Parkki,103.0,17.0,18.5,20.7,8.0488,2.8439,synthetic,62
Parkki,146.4,19.2,20.9,23.4,8.7476,3.325,synthetic,66
Parkki,102.1,16.8,18.3,20.4,7.7045,2.8462,synthetic,63
Parkki,312.1,24.1,26.2,29.2,11.3803,4.3096,synthetic,71
Parkki,121.7,18.0,19.6,22.0,8.6494,3.03,synthetic,69
Parkki,41.6,12.0,13.1,14.7,6.1426,2.1357,synthetic,61
Parkki,114.4,17.9,19.4,21.7,8.5498,2.8564,synthetic,64
Parkki,232.7,21.4,23.4,26.2,10.8418,3.8096,synthetic,67
Perch,150.0,22.2,24.2,25.7,6.3845,3.9721,synthetic,97
Perch,42.1,13.4,14.7,15.8,3.7956,2.2347,synthetic,73
Perch,728.8,33.7,36.4,37.8,11.6104,7.0204,synthetic,109
Perch,566.3,32.7,35.3,36.7,9.9474,6.0966,synthetic,105
Perch,83.6,17.8,19.6,20.8,5.1429,2.9915,synthetic,80
Perch,105.9,16.6,18.4,19.7,5.4189,3.4272,synthetic,77
Perch,140.0,21.6,23.8,25.3,6.4434,3.3573,synthetic,86
Perch,573.3,35.9,38.5,40.8,10.8494,5.6082,synthetic,117
Perch,76.3,17.5,19.3,20.6,4.8572,3.1806,synthetic,91
Perch,363.6,27.9,29.7,31.1,8.0869,4.7929,synthetic,107
Perch,924.5,37.9,40.8,43.3,12.6381,7.6986,synthetic,118
Perch,68.3,15.6,17.3,18.4,4.5901,2.9013,synthetic,76
Perch,738.3,36.9,39.7,42.2,11.3579,6.6792,synthetic,127
Perch,803.3,30.4,32.9,35.0,11.0948,8.0135,synthetic,111
Perch,226.7,24.2,26.3,28.0,6.9182,4.4933,synthetic,87
Perch,264.9,24.9,27.0,28.4,7.6875,5.2222,synthetic,102
Perch,925.4,36.1,39.0,41.3,12.0204,7.0622,synthetic,121
Perch,906.1,38.6,41.5,43.7,11.5754,7.0745,synthetic,124
Perch,390.8,28.9,31.1,32.7,8.8282,5.4241,synthetic,110
Perch,84.3,17.2,19.1,20.4,5.3948,3.0063,synthetic,88
Perch,68.2,16.3,17.7,18.7,4.748,3.0138,synthetic,74
Perch,104.8,19.2,21.2,22.7,5.2918,3.881,synthetic,90
Perch,1263.7,41.7,44.4,47.2,12.8665,7.6311,synthetic,114
Perch,109.2,18.6,20.5,21.8,5.2296,3.1548,synthetic,95
Perch,769.6,35.8,38.5,40.7,12.1595,6.6602,synthetic,125
Perch,254.7,25.4,27.6,29.2,7.4868,4.8238,synthetic,100
Perch,102.7,19.0,20.3,21.5,5.6629,3.3513,synthetic,75
Perch,131.6,19.7,21.6,22.8,5.5751,3.4341,synthetic,103
Perch,168.7,22.4,24.3,25.5,5.9346,3.6452,synthetic,104
Perch,830.0,36.2,39.2,41.9,11.495,6.8854,synthetic,122
Perch,184.7,22.3,24.5,26.1,7.2259,4.3014,synthetic,85
Perch,499.2,32.7,35.1,36.6,9.7433,5.4493,synthetic,106
Perch,1425.6,43.8,47.0,49.8,13.3919,8.4266,synthetic,120
Perch,821.0,39.7,42.8,45.1,11.835,7.2252,synthetic,126
Perch,74.6,16.6,18.4,19.6,4.1197,2.8303,synthetic,94
Perch,66.0,16.6,18.2,19.1,4.5321,2.6049,synthetic,81
Perch,90.2,18.2,20.1,21.5,5.3996,3.1882,synthetic,83
Perch,775.8,35.5,37.6,40.1,11.0735,6.8507,synthetic,113
Perch,225.9,23.6,25.8,27.6,7.9311,4.2398,synthetic,92
Perch,127.8,20.5,22.4,24.0,5.8673,3.6205,synthetic,98
Perch,1071.8,40.0,42.4,45.0,13.4859,7.7105,synthetic,115
Perch,149.3,21.6,23.5,24.8,5.9113,3.6807,synthetic,108
Perch,991.3,36.1,38.6,40.9,11.6834,6.9481,synthetic,116
Perch,739.3,35.5,38.5,40.7,10.889,6.7804,synthetic,119
Perch,118.7,18.3,20.1,21.6,5.5392,3.5953,synthetic,84
Perch,230.2,22.1,24.0,25.6,7.137,3.8528,synthetic,96
Perch,52.0,14.8,16.3,17.4,4.7265,2.55,synthetic,79
Perch,160.8,21.4,23.6,25.2,6.3573,3.9034,synthetic,89
Perch,197.8,24.0,25.6,27.1,7.041,4.1175,synthetic,101
Perch,428.7,30.2,32.7,34.8,8.9541,4.8138,synthetic,99
Perch,91.2,17.4,19.4,20.1,5.6448,3.2337,synthetic,78
Perch,153.9,21.0,23.0,24.5,6.3427,3.7002,synthetic,93
Perch,328.5,25.8,28.0,29.9,8.2655,5.3525,synthetic,112
Perch,421.6,28.8,31.4,33.7,9.0877,5.5164,synthetic,82
Perch,753.8,35.0,37.8,40.1,11.3501,6.153,synthetic,123
Perch,5.3,6.9,7.7,8.1,2.0109,1.2542,synthetic,72
Perch,1249.6,43.1,46.7,49.4,14.0468,9.1006,synthetic,126
Perch,537.6,30.2,32.7,34.6,9.9706,6.3372,synthetic,110
Perch,1098.6,38.3,40.8,43.4,12.0741,8.2222,synthetic,116
Perch,755.1,35.5,38.4,40.8,11.1917,6.8097,synthetic,120
Perch,148.9,20.8,22.7,23.9,6.1229,3.6439,synthetic,105
Perch,682.1,35.3,38.0,40.2,10.8089,5.6812,synthetic,106
Perch,65.1,16.0,17.8,19.0,4.8208,2.7147,synthetic,88
Perch,143.7,20.4,22.4,23.9,6.7932,3.5935,synthetic,92
Perch,85.2,18.8,20.7,22.0,5.1916,3.022,synthetic,97
Perch,204.4,23.5,25.5,27.1,6.8847,4.3497,synthetic,98
Perch,904.3,38.0,40.9,43.4,11.9627,7.5161,synthetic,121
Perch,70.6,16.0,17.8,18.9,4.7671,2.9769,synthetic,76
Perch,85.2,18.3,20.1,21.2,5.2231,2.8096,synthetic,81
Perch,115.8,19.7,21.2,22.4,6.0788,3.6311,synthetic,75
Perch,153.9,21.7,23.7,25.2,5.4905,3.629,synthetic,94
Perch,296.0,23.9,26.0,27.5,8.0622,4.2768,synthetic,96
Perch,10.1,9.0,10.0,10.5,2.5734,1.7514,synthetic,72
Perch,850.6,35.4,38.2,40.5,12.1862,6.0242,synthetic,123
Perch,514.0,30.2,32.1,34.1,9.4503,6.0415,synthetic,113
Perch,393.9,28.1,30.3,31.6,8.1938,5.0272,synthetic,104
Perch,783.7,36.6,39.5,42.0,10.8345,6.4575,synthetic,122
Perch,105.3,18.5,20.5,22.0,5.7578,3.2081,synthetic,83
Perch,429.9,29.3,32.0,33.8,9.1759,5.3656,synthetic,119
Perch,512.1,27.8,30.1,32.0,9.3638,6.3396,synthetic,111
Perch,108.8,19.1,21.0,22.4,5.5269,4.101,synthetic,90
Perch,1080.4,39.4,42.0,44.7,12.7084,7.2183,synthetic,114
Perch,95.4,17.1,19.0,20.4,5.2021,3.321,synthetic,84
Perch,173.5,22.3,24.3,25.7,6.5437,4.0214,synthetic,80
Perch,515.8,31.1,33.5,35.8,9.5871,5.7203,synthetic,115
Perch,79.2,17.3,19.2,20.5,5.0173,2.9024,synthetic,89
Perch,131.1,20.2,22.1,23.9,5.9452,3.7687,synthetic,82
Perch,222.0,24.5,26.8,28.6,7.3939,4.3806,synthetic,87
Perch,446.3,29.2,31.7,33.6,8.9782,5.4238,synthetic,125
Perch,300.3,26.0,28.0,29.0,8.0197,5.0299,synthetic,109
Perch,286.8,26.2,28.7,30.4,7.6888,4.4642,synthetic,99
Perch,778.2,35.8,38.1,40.5,11.3103,7.1075,synthetic,112
Perch,399.1,30.2,31.8,33.5,8.8424,5.0073,synthetic,101
Perch,68.3,16.7,18.3,19.4,4.5786,2.7793,synthetic,100
Perch,66.6,16.0,17.4,18.6,4.534,2.9362,synthetic,74
Perch,224.3,24.7,26.3,27.5,6.7288,4.0645,synthetic,107
Perch,235.7,24.7,26.8,28.3,7.13,4.2222,synthetic,103
Perch,22.1,11.3,12.5,13.4,3.1768,1.7367,synthetic,73
Perch,811.9,36.8,39.4,41.5,12.1651,7.3327,synthetic,118
Perch,220.1,21.3,23.3,25.0,6.7928,4.3006,synthetic,77
Perch,1117.2,42.1,44.9,47.3,12.7261,7.6919,synthetic,127
Perch,100.7,17.1,19.0,20.4,5.8754,3.3164,synthetic,85
Perch,1091.7,39.9,43.1,45.2,12.3158,7.7725,synthetic,124
Perch,66.6,16.5,18.3,19.5,4.6694,2.9202,synthetic,91
Perch,71.2,17.2,19.0,20.3,5.1112,2.8485,synthetic,86
Perch,154.0,21.3,23.3,24.8,5.9178,3.6991,synthetic,93
Perch,128.4,19.8,21.8,23.1,5.5866,3.2862,synthetic,95
Perch,356.4,29.9,32.0,34.0,8.8987,4.8939,synthetic,117
Perch,43.9,13.8,15.5,16.1,4.2727,2.4968,synthetic,78
Perch,157.8,21.5,23.5,24.8,6.0901,3.806,synthetic,108
Perch,152.3,21.4,23.4,24.8,6.8723,3.9215,synthetic,79
Perch,343.2,26.3,28.4,29.8,8.6358,4.9297,synthetic,102
Perch,104.1,17.9,19.7,21.0,5.0924,3.3879,synthetic,76
Perch,727.0,35.2,37.6,39.7,10.4288,6.5864,synthetic,115
Perch,1390.9,38.5,41.3,43.8,13.6302,9.3368,synthetic,111
Perch,58.5,15.2,16.9,17.5,4.6114,2.6857,synthetic,78
Perch,400.4,30.3,32.7,34.4,9.0581,5.5191,synthetic,127
Perch,211.7,24.1,26.4,28.2,7.097,4.3691,synthetic,91
Perch,919.1,37.6,40.3,42.4,11.7763,6.9082,synthetic,125
Perch,842.6,36.6,38.9,41.7,12.1421,7.3582,synthetic,118
Perch,160.1,19.9,21.6,23.0,7.0022,3.4153,synthetic,96
Perch,381.6,28.2,30.6,32.6,9.4602,4.9818,synthetic,92
Perch,25.4,12.5,14.0,14.9,3.3751,2.4349,synthetic,90
Perch,142.1,22.1,24.0,25.5,6.4734,3.8619,synthetic,97
Perch,410.5,29.3,31.6,33.3,8.455,5.2902,synthetic,104
Perch,315.5,25.7,28.1,30.1,8.0426,5.0456,synthetic,84
Perch,88.8,17.4,19.3,20.6,5.1657,3.0618,synthetic,93
Perch,197.7,23.6,25.8,26.9,6.7829,3.7927,synthetic,81
Perch,4.6,6.8,7.7,8.1,1.8591,1.2614,synthetic,72
Perch,154.8,19.9,22.0,23.6,6.7493,3.7584,synthetic,85
Perch,76.8,16.8,18.6,19.9,4.7765,2.8135,synthetic,89
Perch,93.0,19.5,21.2,22.3,5.4488,2.9016,synthetic,106
Perch,123.1,20.2,22.2,23.7,5.7531,3.2728,synthetic,99
Perch,346.8,28.3,30.5,32.4,7.8462,5.1169,synthetic,108
Perch,289.2,27.1,29.3,30.9,7.4871,5.1553,synthetic,100
Perch,406.8,29.2,31.5,33.5,8.88,5.0707,synthetic,114
Perch,174.1,23.4,25.3,26.5,6.2012,3.6549,synthetic,103
Perch,571.4,32.1,34.6,37.0,10.24,6.4525,synthetic,112
Perch,347.3,28.2,30.6,32.6,8.8763,5.1765,synthetic,86
Perch,336.7,27.9,30.3,31.9,8.756,5.4711,synthetic,126
Perch,180.0,22.5,24.5,26.2,7.2749,3.9831,synthetic,79
Perch,167.6,21.7,24.1,25.8,6.0843,4.0291,synthetic,82
Perch,587.1,35.0,37.5,39.8,10.6808,5.822,synthetic,117
Perch,367.5,28.3,30.9,32.7,8.689,4.9906,synthetic,120
Perch,86.1,18.2,20.0,21.2,5.1962,3.2519,synthetic,80
Perch,447.8,29.9,32.3,34.0,8.8723,5.5879,synthetic,105
Perch,176.2,22.8,24.6,26.1,6.6695,3.9695,synthetic,101
Perch,368.6,27.8,30.0,31.9,8.6375,5.3377,synthetic,98
Perch,281.4,26.0,27.8,29.3,7.5851,4.4793,synthetic,107
Perch,120.9,19.2,21.3,22.8,5.8606,3.4548,synthetic,88
Perch,427.2,28.7,31.0,32.2,9.3023,5.5289,synthetic,109
Perch,1328.3,43.1,46.4,49.0,13.6963,8.6668,synthetic,110
Perch,550.6,31.2,33.8,35.9,9.8939,5.3074,synthetic,123
Perch,146.0,20.6,22.6,24.2,5.2605,3.4719,synthetic,94
Perch,275.6,26.1,28.4,29.9,7.9518,5.0359,synthetic,119
Perch,276.4,26.0,28.3,29.9,7.5545,4.5354,synthetic,124
Perch,649.3,33.9,36.2,38.4,10.641,6.6376,synthetic,113
Perch,81.2,16.8,18.3,19.7,4.8889,2.8674,synthetic,73
Perch,861.4,35.3,37.8,40.1,11.2117,7.1068,synthetic,116
Perch,113.7,18.7,20.7,21.9,5.6423,3.3361,synthetic,95
Perch,258.4,25.4,27.5,29.4,7.1009,4.6568,synthetic,87
Perch,120.0,18.1,20.0,21.3,5.6119,3.484,synthetic,77
Perch,40.5,13.8,15.1,15.9,3.8741,2.4829,synthetic,74
Perch,73.7,17.2,18.3,19.4,5.1195,2.9808,synthetic,75
Perch,158.7,20.3,22.1,23.3,6.852,4.0412,synthetic,102
Perch,472.4,28.6,31.2,33.2,9.2543,5.7206,synthetic,121
Perch,441.3,30.6,33.2,35.4,8.8055,5.2554,synthetic,122
Perch,67.0,15.6,17.3,18.6,4.9672,2.6816,synthetic,83
Perch,139.6,20.4,22.2,23.4,5.4209,3.4215,synthetic,103
Perch,132.6,20.9,22.8,24.1,5.7389,3.3874,synthetic,99
Perch,122.5,19.1,21.0,22.4,5.6484,3.5514,synthetic,84
Perch,254.7,25.7,27.8,29.2,7.3624,4.4935,synthetic,105
Perch,521.9,30.2,32.5,34.1,9.6398,6.3971,synthetic,102
Perch,334.8,28.0,29.9,31.3,7.7353,4.8962,synthetic,107
Perch,695.9,34.0,36.8,39.0,10.3362,5.7167,synthetic,123
Perch,282.2,25.3,27.4,28.8,7.3349,4.6368,synthetic,104
Perch,304.0,27.5,29.7,31.6,8.6016,4.5484,synthetic,117
Perch,111.0,18.8,20.8,22.0,5.6531,3.4064,synthetic,89
Perch,1146.2,39.5,42.3,45.0,12.655,8.3369,synthetic,116
Perch,435.5,30.4,32.6,34.5,9.9374,5.9586,synthetic,118
Perch,341.0,27.0,28.7,30.7,8.3925,5.3628,synthetic,113
Perch,632.6,32.6,35.8,38.0,10.9453,6.4374,synthetic,119
Perch,97.0,18.2,20.0,21.2,5.3503,2.9845,synthetic,80
Perch,85.4,17.8,19.8,21.2,5.1061,3.1457,synthetic,87
Perch,154.2,21.7,23.7,25.2,6.8572,3.7047,synthetic,86
Perch,155.4,22.0,24.0,25.5,6.2771,4.557,synthetic,90
Perch,91.0,18.7,20.4,21.7,5.4315,3.2438,synthetic,97
Perch,280.7,27.4,29.6,31.0,8.1235,4.3656,synthetic,106
Perch,114.3,19.5,21.2,22.5,5.6717,3.3262,synthetic,93
Perch,1443.7,46.0,49.6,52.4,14.3155,9.3326,synthetic,126
Perch,212.0,21.6,23.5,25.0,7.394,3.7998,synthetic,96
Perch,191.5,23.8,25.3,26.7,6.8426,4.0297,synthetic,101
Perch,405.0,29.2,31.5,33.5,8.8098,5.0972,synthetic,114
Perch,40.2,13.7,15.2,16.2,4.4087,2.3877,synthetic,79
Perch,615.5,32.2,34.8,37.2,10.7779,6.7899,synthetic,112
Perch,263.2,24.4,26.4,28.2,7.6037,4.4752,synthetic,98
Perch,206.4,23.7,25.9,27.3,6.6745,4.4541,synthetic,100
Perch,126.5,17.5,19.4,20.7,5.6416,3.5862,synthetic,77
Perch,1030.6,38.7,41.5,43.9,12.166,7.447,synthetic,120
Perch,41.4,13.1,14.6,15.5,3.7587,2.3386,synthetic,76
Perch,328.5,25.3,27.6,29.4,8.8733,5.0108,synthetic,92
Perch,942.6,40.0,42.7,45.2,12.3797,7.4107,synthetic,127
Perch,51.0,15.0,16.6,17.7,4.1701,2.5572,synthetic,91
Perch,141.1,21.0,23.0,24.6,6.3886,3.7019,synthetic,88
Perch,843.2,37.5,40.5,42.8,11.1718,6.5275,synthetic,122
Perch,86.8,17.7,19.0,20.3,5.7481,3.2866,synthetic,75
Perch,141.9,19.7,21.8,23.3,6.5172,3.4709,synthetic,85
Perch,946.6,36.4,38.9,40.3,12.2082,7.5142,synthetic,109
Perch,188.8,23.1,25.4,26.4,7.186,4.0879,synthetic,78
Perch,148.7,21.2,23.2,24.7,5.203,3.7056,synthetic,94
Perch,215.0,24.0,26.1,27.6,7.1022,3.8921,synthetic,81
Perch,837.3,34.8,37.8,40.1,11.5361,6.9301,synthetic,121
Perch,4.9,7.3,8.2,8.6,2.0189,1.233,synthetic,72
Perch,53.5,15.0,16.4,17.5,4.2852,2.4768,synthetic,73
Perch,595.9,32.5,34.9,37.0,10.185,6.482,synthetic,110
Perch,821.4,33.4,35.8,38.0,11.0147,7.4647,synthetic,111
Perch,84.5,17.3,19.0,20.1,4.9485,2.86,synthetic,95
Perch,333.7,27.1,29.2,31.0,8.2165,4.9447,synthetic,125
Perch,82.2,17.2,19.1,20.5,5.313,2.8843,synthetic,83
Perch,139.9,20.7,22.8,24.3,6.5013,3.9138,synthetic,82
Perch,805.1,37.3,40.4,42.5,11.6541,6.8604,synthetic,124
Perch,304.0,26.0,28.2,30.0,7.9099,4.8048,synthetic,115
Perch,534.1,32.3,34.5,36.3,9.1902,5.7848,synthetic,108
Perch,45.8,14.6,15.9,16.9,4.0813,2.5559,synthetic,74
Perch,125.8,19.0,21.0,22.3,5.7552,3.6433,synthetic,76
Perch,365.0,28.2,30.5,32.3,8.5867,5.3937,synthetic,110
Perch,125.5,19.7,21.7,23.2,6.1704,3.6612,synthetic,98
Perch,216.9,21.1,23.2,24.7,6.8084,4.3448,synthetic,77
Perch,319.5,29.1,31.0,32.5,8.0717,4.888,synthetic,105
Perch,107.4,19.8,21.7,23.1,5.6255,3.3927,synthetic,97
Perch,1211.8,42.4,45.1,47.6,12.9409,7.6572,synthetic,115
Perch,5.1,7.2,8.1,8.4,1.9984,1.3084,synthetic,72
Perch,117.1,19.1,21.0,22.4,5.4577,3.5684,synthetic,93
Perch,141.5,21.3,23.1,24.6,5.145,3.4508,synthetic,94
Perch,893.2,37.0,39.9,42.4,11.667,6.5847,synthetic,123
Perch,113.2,18.5,20.2,21.5,6.0789,3.1497,synthetic,92
Perch,227.5,25.0,27.0,28.5,7.5841,4.156,synthetic,106
Perch,111.0,20.1,21.9,22.9,5.3918,3.1292,synthetic,81
Perch,581.3,32.7,35.6,37.4,10.6932,6.4024,synthetic,119
Perch,1213.0,42.1,45.2,48.0,13.4671,8.0233,synthetic,120
Perch,718.6,33.5,35.9,37.4,11.1483,6.8462,synthetic,109
Perch,112.5,18.3,20.3,21.6,5.7327,3.3516,synthetic,88
Perch,823.6,33.8,36.7,39.0,11.3677,7.2185,synthetic,121
Perch,147.7,20.8,22.8,24.2,6.8059,3.8256,synthetic,79
Perch,500.4,31.3,33.8,35.7,8.8941,5.5477,synthetic,108
Perch,594.2,34.1,36.9,38.9,10.6212,6.3657,synthetic,127
Perch,197.0,21.8,23.7,25.1,6.7793,3.502,synthetic,96
Perch,334.0,26.6,28.6,30.1,8.6758,5.2729,synthetic,102
Perch,269.8,27.3,29.7,31.5,8.1236,4.5043,synthetic,86
Perch,848.0,35.9,38.3,40.9,12.3201,7.5951,synthetic,118
Perch,612.1,33.2,35.8,37.6,9.7326,5.931,synthetic,104
Perch,149.4,20.7,22.9,24.5,6.154,3.8833,synthetic,84
Perch,82.3,16.9,18.9,20.2,5.1735,2.9999,synthetic,82
Perch,62.6,16.0,17.7,18.7,4.4728,3.0048,synthetic,100
Perch,1182.6,41.6,44.9,47.5,13.0045,8.0297,synthetic,124
Perch,1095.0,35.6,38.5,41.0,12.6162,8.3026,synthetic,111
Perch,214.3,23.6,25.8,27.5,7.3822,4.0679,synthetic,83
Perch,57.5,15.6,17.3,18.4,4.2393,2.6293,synthetic,80
Perch,134.9,20.9,22.8,24.1,5.7549,3.3137,synthetic,99
Perch,162.2,21.3,23.3,24.7,6.4283,3.6376,synthetic,95
Perch,839.0,35.7,38.8,41.0,11.7262,7.2166,synthetic,126
Perch,480.7,32.1,34.6,36.5,10.0009,5.4535,synthetic,117
Perch,43.7,14.2,15.4,16.5,3.9835,2.5394,synthetic,74
Perch,940.1,39.1,41.9,44.5,11.1488,6.766,synthetic,122
Perch,158.8,22.5,24.4,25.7,6.0462,3.5483,synthetic,103
Perch,287.5,26.0,28.1,30.0,8.2256,4.5805,synthetic,114
Perch,376.6,27.0,29.6,31.6,9.1388,5.1958,synthetic,85
Perch,38.1,13.6,15.2,15.8,3.9943,2.413,synthetic,78
Perch,247.9,25.3,27.6,29.3,7.2848,4.5151,synthetic,87
Perch,705.9,33.5,36.1,38.7,11.2587,7.1037,synthetic,112
Perch,1133.7,40.0,42.4,44.9,12.5865,7.9186,synthetic,113
Perch,76.2,17.4,19.3,20.6,4.8996,2.7607,synthetic,89
Perch,193.7,24.0,26.2,28.0,6.6143,4.959,synthetic,90
Perch,447.4,30.5,32.5,34.1,8.8136,5.2624,synthetic,107
Perch,46.1,14.3,15.6,16.5,4.6098,2.608,synthetic,75
Perch,516.1,31.5,34.0,36.0,9.4243,5.7808,synthetic,125
Perch,164.4,22.2,23.7,24.9,6.1995,3.7549,synthetic,101
Perch,680.2,32.4,34.8,36.9,10.0607,6.4396,synthetic,116
Perch,37.9,13.3,14.6,15.6,3.7381,2.1511,synthetic,73
Perch,267.7,26.2,28.6,30.3,7.567,4.8254,synthetic,91
Perch,413.6,28.2,30.5,31.3,9.4688,5.6117,synthetic,109
Perch,812.1,35.9,38.4,40.6,11.6595,6.8315,synthetic,114
Perch,258.0,24.8,26.9,28.4,6.4816,4.3831,synthetic,94
Perch,390.7,29.8,32.0,33.7,8.5323,5.4095,synthetic,103
Perch,18.6,11.0,12.3,13.0,3.1135,1.8385,synthetic,80
Perch,17.4,10.9,12.1,12.7,2.9695,1.6992,synthetic,81
Perch,91.9,17.9,19.4,20.7,5.5473,3.2254,synthetic,75
Perch,858.1,36.0,38.9,41.3,11.444,6.9397,synthetic,120
Perch,51.0,15.3,16.9,18.0,4.6981,2.7591,synthetic,79
Perch,854.2,35.6,38.2,40.4,12.0549,7.8129,synthetic,110
Perch,471.6,28.9,31.1,33.0,8.9736,5.6909,synthetic,116
Perch,169.7,22.4,24.4,25.7,6.0724,3.6811,synthetic,104
Perch,804.7,38.4,41.2,43.7,12.3447,6.6203,synthetic,117
Perch,270.0,25.9,28.1,29.3,7.3902,4.5539,synthetic,108
Perch,874.9,35.9,37.8,40.4,11.2816,7.5253,synthetic,113
Perch,161.0,20.6,22.6,24.1,7.1234,3.6997,synthetic,92
Perch,510.5,29.2,31.7,33.6,9.4606,5.1989,synthetic,96
Perch,78.1,16.4,18.1,19.3,4.8695,3.0637,synthetic,76
Perch,336.7,27.6,30.0,31.4,8.3352,4.9452,synthetic,124
Perch,576.3,29.2,31.7,33.9,10.1668,6.8901,synthetic,111
Perch,129.5,19.9,21.7,23.1,5.8625,3.535,synthetic,93
Perch,469.0,30.6,32.3,34.1,9.0402,5.6454,synthetic,101
Perch,774.8,36.5,38.7,40.9,10.5617,6.6457,synthetic,115
Perch,238.2,24.4,26.4,27.8,7.1062,4.2897,synthetic,107
Perch,247.9,25.3,27.7,29.5,7.9684,4.541,synthetic,86
Perch,200.8,22.6,24.6,26.5,7.2166,4.085,synthetic,85
Perch,106.2,18.8,20.7,22.1,5.5209,3.5007,synthetic,82
Perch,477.6,30.6,33.0,35.1,9.056,5.5011,synthetic,122
Perch,196.5,24.6,26.7,28.2,7.1297,3.8417,synthetic,106
Perch,121.8,20.4,22.4,23.9,5.83,4.0356,synthetic,90
Perch,155.8,21.9,23.7,24.9,6.2115,3.9664,synthetic,105
Perch,295.7,26.7,29.1,30.9,7.6283,4.8564,synthetic,91
Perch,886.9,37.0,39.8,42.2,11.4018,6.8592,synthetic,125
Perch,354.8,27.9,30.3,31.9,8.1207,5.1984,synthetic,100
Perch,867.0,37.2,39.7,42.3,12.1971,7.4988,synthetic,118
Perch,79.5,15.4,17.0,18.1,4.6745,3.0057,synthetic,77
Perch,1365.3,44.5,47.8,50.0,14.3335,8.9864,synthetic,126
Perch,205.1,22.7,24.7,26.3,6.5451,3.9896,synthetic,95
Perch,504.4,30.4,32.8,34.9,9.7782,6.1226,synthetic,112
Perch,511.9,31.0,33.2,34.9,10.0781,6.1336,synthetic,102
Perch,22.5,11.9,13.2,13.8,3.4659,2.2508,synthetic,72
Perch,123.5,20.3,22.2,23.7,5.5955,3.6105,synthetic,87
Perch,20.5,10.8,11.9,12.8,3.0275,1.691,synthetic,73
Perch,10.3,9.0,9.9,10.5,2.4049,1.5486,synthetic,74
Perch,128.5,19.3,21.3,22.8,5.9899,3.5578,synthetic,89
Perch,308.0,27.6,29.8,31.4,8.2909,5.2122,synthetic,127
Perch,236.2,24.0,26.2,28.0,7.2499,4.4246,synthetic,84
Perch,316.8,27.6,29.7,31.5,7.786,4.5395,synthetic,99
Perch,1074.0,37.5,40.5,43.0,12.4781,7.4865,synthetic,121
Perch,171.9,21.9,24.1,25.7,6.6347,3.7836,synthetic,88
Perch,768.5,36.1,39.0,41.5,11.3185,6.7156,synthetic,119
Perch,489.0,29.5,32.1,34.1,9.4324,5.275,synthetic,123
Perch,443.3,31.1,33.8,35.8,9.5465,5.4247,synthetic,97
Perch,124.5,20.0,21.9,23.2,5.8346,3.569,synthetic,98
Perch,63.2,15.5,17.2,18.5,4.8409,2.7394,synthetic,83
Perch,248.0,24.8,27.3,28.3,7.7968,4.7608,synthetic,78
Perch,177.0,22.1,23.9,25.4,7.5823,3.8594,synthetic,92
Perch,1134.7,41.5,44.8,47.5,12.9651,8.7844,synthetic,126
Perch,220.0,23.4,25.4,26.7,6.4542,4.1421,synthetic,104
Perch,190.0,23.2,25.3,26.5,6.6896,3.7763,synthetic,81
Perch,407.4,30.8,33.2,35.0,8.6135,5.4697,synthetic,100
Perch,153.1,21.8,23.5,24.7,6.0289,3.9178,synthetic,107
Perch,1063.7,43.1,45.6,48.2,13.2429,7.3739,synthetic,117
Perch,472.9,27.2,29.3,31.2,9.2025,6.1118,synthetic,111
Perch,365.1,27.7,29.8,31.9,9.0607,5.5914,synthetic,112
Perch,288.7,27.8,30.0,31.6,7.2882,4.7189,synthetic,108
Perch,97.3,19.1,20.9,22.5,5.1952,3.1967,synthetic,87
Perch,743.9,32.7,35.0,37.2,10.3662,7.009,synthetic,116
Perch,506.6,31.1,33.7,35.8,9.9994,6.1926,synthetic,110
Perch,840.2,35.4,38.1,40.5,11.5301,6.0392,synthetic,123
Perch,795.8,36.3,39.7,41.9,11.8,6.8932,synthetic,119
Perch,59.4,15.6,17.4,18.6,4.7219,2.7967,synthetic,82
Perch,1321.3,41.6,44.6,47.3,13.0924,8.2245,synthetic,122
Perch,148.1,20.9,22.8,24.2,6.9718,3.8651,synthetic,79
Perch,193.2,23.0,25.0,26.8,7.2661,4.0618,synthetic,86
Perch,30.9,13.4,14.5,15.4,3.5051,2.1055,synthetic,74
Perch,275.7,25.4,27.5,29.3,7.7495,4.6511,synthetic,93
Perch,94.1,18.4,20.2,21.4,5.3237,3.1529,synthetic,80
Perch,103.8,19.1,21.1,22.6,5.6314,3.8055,synthetic,90
Perch,139.8,20.8,23.0,23.8,6.872,3.8049,synthetic,78
Perch,269.4,25.7,27.6,29.4,7.6213,4.747,synthetic,115
Perch,166.5,21.1,23.2,24.7,6.7765,3.825,synthetic,85
Perch,195.8,20.7,22.9,24.3,6.6,4.3557,synthetic,77
Perch,106.6,18.7,20.3,21.7,5.7686,3.4585,synthetic,98
Perch,162.5,21.5,23.6,25.1,5.354,3.7337,synthetic,94
Perch,251.9,25.7,27.8,29.2,7.1757,4.6458,synthetic,105
Perch,144.6,21.2,23.1,24.5,5.7481,3.507,synthetic,99
Perch,477.6,30.7,33.4,35.2,9.4984,5.6513,synthetic,124
Perch,114.6,20.2,22.2,23.4,5.9474,3.5363,synthetic,97
Perch,576.4,30.9,33.6,35.7,10.1577,6.1759,synthetic,121
Perch,602.7,33.0,35.5,37.5,10.1146,6.0592,synthetic,125
Perch,273.4,24.8,27.0,28.7,7.2903,4.6494,synthetic,89
Perch,114.1,19.2,21.0,22.3,5.3812,3.0998,synthetic,95
Perch,62.8,15.9,17.1,18.2,4.9796,2.7965,synthetic,75
Perch,414.4,28.7,30.9,31.9,9.2861,5.3517,synthetic,109
Perch,454.5,31.3,33.8,35.4,9.5161,5.0915,synthetic,106
Perch,868.2,37.7,40.5,43.2,11.4461,6.5687,synthetic,114
Perch,972.8,37.3,39.3,41.8,12.0114,7.8533,synthetic,113
Perch,235.6,23.0,25.3,27.1,7.1465,4.5631,synthetic,84
Perch,715.0,33.5,36.1,38.0,11.3321,7.0492,synthetic,102
Perch,10.2,9.2,10.2,10.6,2.5766,1.6421,synthetic,72
Perch,54.0,14.9,16.2,17.2,4.1641,2.3577,synthetic,73
Perch,1017.0,41.2,44.5,47.1,12.2776,7.5356,synthetic,127
Perch,139.6,20.7,22.7,24.2,5.9955,3.6638,synthetic,91
Perch,219.6,24.9,26.5,28.0,7.1843,4.1708,synthetic,101
Perch,128.4,20.2,22.2,23.8,5.8603,3.5736,synthetic,88
Perch,151.7,21.3,23.1,24.4,6.2554,3.6974,synthetic,103
Perch,153.9,20.8,22.9,24.5,6.4937,3.4854,synthetic,83
Perch,396.0,28.3,31.0,32.9,8.6782,5.2234,synthetic,120
Perch,163.7,20.9,22.9,24.2,6.1222,3.9755,synthetic,76
Perch,723.7,35.1,37.5,39.7,11.7921,6.9867,synthetic,118
Perch,149.2,19.1,20.8,22.1,6.1877,3.2726,synthetic,96
Perch,383.0,29.0,31.3,33.2,9.0063,4.6296,synthetic,123
Perch,273.6,26.1,28.2,29.6,7.2827,4.5084,synthetic,103
Perch,399.5,28.6,30.9,32.8,9.5108,5.5162,synthetic,118
Perch,10.2,8.6,9.6,10.1,2.5674,1.5924,synthetic,72
Perch,272.6,25.7,27.8,29.2,6.9007,4.3821,synthetic,104
Perch,942.7,38.3,41.3,43.7,11.4474,6.8115,synthetic,125
Perch,1258.4,42.9,46.0,48.9,13.2239,8.0409,synthetic,122
Perch,130.3,20.2,22.4,23.8,6.639,3.6002,synthetic,79
Perch,389.7,29.0,31.7,33.8,9.1159,5.2066,synthetic,88
Perch,219.9,24.0,26.1,27.5,7.0327,4.2884,synthetic,105
Perch,44.6,14.4,15.9,17.0,4.2002,2.3229,synthetic,86
Perch,409.8,29.6,32.0,34.1,8.9209,5.3828,synthetic,112
Perch,102.9,18.9,20.5,21.9,5.3403,2.9435,synthetic,99
Perch,698.9,34.4,37.2,39.6,10.8117,6.5264,synthetic,120
Perch,122.4,18.2,20.2,21.6,6.2053,3.5119,synthetic,85
Perch,667.6,34.2,36.5,38.8,10.7867,6.2842,synthetic,114
Perch,164.0,22.8,24.8,26.3,6.2326,4.3963,synthetic,90
Perch,132.9,18.6,20.5,21.8,5.9894,3.1461,synthetic,96
Perch,49.2,14.5,16.1,16.8,4.3002,2.6036,synthetic,78
Perch,123.3,20.2,22.2,23.8,5.4556,3.5744,synthetic,87
Perch,149.8,20.9,22.8,24.3,6.3654,3.6267,synthetic,83
Perch,414.7,29.9,31.7,33.2,8.4604,5.2622,synthetic,107
Perch,769.4,34.7,37.6,39.9,11.4823,7.0202,synthetic,121
Perch,415.4,28.1,30.3,31.9,9.4134,5.8088,synthetic,102
Perch,87.1,17.3,19.0,20.3,5.4991,2.9605,synthetic,92
Perch,376.2,30.1,32.3,34.3,8.8546,5.5644,synthetic,127
Perch,78.8,16.4,18.1,19.4,4.7296,3.027,synthetic,84
Perch,152.6,21.3,23.3,24.8,6.1162,3.8758,synthetic,95
Perch,362.2,28.9,31.4,33.0,8.3569,5.0789,synthetic,100
Perch,100.9,19.0,20.8,21.9,5.2889,2.8693,synthetic,81
Perch,447.9,30.2,32.4,34.3,8.6904,5.2898,synthetic,115
Perch,77.0,17.5,18.9,20.3,4.8461,2.7049,synthetic,73
Perch,310.7,27.6,30.0,31.5,8.806,4.5456,synthetic,106
Perch,185.4,22.9,24.9,26.4,6.59,4.0381,synthetic,91
Perch,450.5,29.3,31.7,33.7,9.238,5.9208,synthetic,110
Perch,579.6,34.0,37.0,39.0,10.357,6.4196,synthetic,126
Perch,919.5,39.0,42.1,44.3,11.6514,7.1409,synthetic,124
Perch,152.2,21.9,23.9,25.4,6.5284,3.7373,synthetic,97
Perch,73.2,16.7,18.4,19.6,4.7195,2.7943,synthetic,93
Perch,210.0,23.0,25.3,27.1,7.1465,4.437,synthetic,82
Perch,1163.7,43.9,46.7,49.4,13.4915,7.7112,synthetic,117
Perch,974.3,34.5,37.0,39.4,11.633,8.1448,synthetic,111
Perch,29.0,12.5,13.9,14.7,3.0189,2.218,synthetic,94
Perch,1050.9,37.6,39.7,42.2,12.4273,8.2008,synthetic,113
Perch,108.8,19.2,21.1,22.5,5.6836,3.3626,synthetic,98
Perch,225.4,24.8,26.9,28.2,6.6398,4.2048,synthetic,108
Perch,88.5,17.8,19.6,20.8,5.1931,3.0568,synthetic,80
Perch,183.1,20.1,22.2,23.6,6.6469,4.2097,synthetic,77
Perch,390.1,27.8,30.0,31.9,8.2237,5.8055,synthetic,116
Perch,77.4,17.0,18.3,19.3,5.172,2.9629,synthetic,75
Perch,28.1,12.2,13.4,14.3,3.3499,2.1445,synthetic,74
Perch,146.4,20.7,22.8,24.3,6.0716,3.5104,synthetic,89
Perch,401.2,30.2,31.9,33.7,9.0422,5.081,synthetic,101
Perch,34.7,12.4,13.8,14.6,3.6134,2.2491,synthetic,76
Perch,477.9,30.7,33.3,35.1,9.7405,5.4754,synthetic,119
Perch,175.3,21.6,23.4,24.1,6.9952,4.3011,synthetic,109
Perch,680.8,34.7,37.1,39.4,11.8915,6.8455,synthetic,118
Perch,182.5,22.9,24.9,26.1,6.3953,4.0205,synthetic,105
Perch,349.3,30.2,32.5,34.5,8.9506,4.6298,synthetic,117
Perch,119.9,18.9,20.8,22.1,5.4764,3.4386,synthetic,89
Perch,550.3,30.9,33.2,35.4,9.6298,6.1919,synthetic,113
Perch,270.6,25.4,27.5,29.3,7.3986,4.6855,synthetic,93
Perch,696.5,33.6,36.3,38.6,10.6733,6.5098,synthetic,120
Perch,638.5,34.7,37.4,39.6,10.6994,5.6967,synthetic,106
Perch,343.6,28.5,30.7,32.3,7.8068,5.147,synthetic,100
Perch,78.1,16.4,18.1,19.3,4.7026,2.9959,synthetic,76
Perch,73.7,16.7,18.0,19.2,4.7891,3.0802,synthetic,74
Perch,116.1,19.9,21.9,23.4,5.4693,3.5833,synthetic,87
Perch,52.2,15.5,17.1,18.2,4.3729,2.568,synthetic,80
Perch,178.5,22.9,24.9,26.4,6.5787,3.7159,synthetic,99
Perch,689.7,32.3,34.7,36.2,11.3786,7.0514,synthetic,109
Perch,861.6,37.0,40.4,42.8,12.1379,7.1073,synthetic,119
Perch,171.5,21.9,23.9,25.4,7.0989,3.785,synthetic,92
Perch,302.9,26.4,28.6,30.4,7.7356,4.5488,synthetic,95
Perch,128.5,20.1,21.6,22.9,6.1295,3.6412,synthetic,75
Perch,107.6,16.9,18.7,19.9,5.4715,3.4178,synthetic,77
Perch,306.9,26.1,28.4,30.3,7.731,4.6879,synthetic,122
Perch,224.4,25.5,27.8,29.6,7.5932,4.551,synthetic,97
Perch,822.0,36.9,39.3,42.1,11.1648,6.3805,synthetic,114
Perch,360.9,26.4,29.1,31.1,8.914,5.0585,synthetic,85
Perch,265.7,25.0,27.0,28.6,7.5233,4.3964,synthetic,98
Perch,660.6,35.4,38.5,40.7,10.147,6.186,synthetic,124
Perch,105.1,19.1,20.9,22.2,5.9178,3.4105,synthetic,79
Perch,82.3,16.3,18.1,18.9,5.3156,3.3063,synthetic,78
Perch,230.0,25.1,26.7,28.2,6.9221,4.1715,synthetic,101
Perch,118.7,20.4,22.4,23.9,5.6813,4.0356,synthetic,90
Perch,1316.5,42.1,45.5,48.3,13.4579,7.4149,synthetic,123
Perch,186.3,22.4,24.6,25.9,6.6473,3.9345,synthetic,103
Perch,9.6,8.9,9.9,10.3,2.6499,1.6481,synthetic,72
Perch,568.7,33.4,35.9,37.7,9.4146,5.9371,synthetic,108
Perch,89.4,17.7,19.7,20.9,5.3712,3.3109,synthetic,82
Perch,96.3,17.3,19.2,20.4,5.1296,3.3286,synthetic,84
Perch,469.2,29.7,32.3,34.3,9.3214,5.3855,synthetic,125
Perch,75.2,17.7,19.5,20.5,4.5347,2.5956,synthetic,81
Perch,1020.2,40.2,43.0,45.4,12.8631,8.0106,synthetic,127
Perch,93.7,18.6,20.5,21.8,4.442,2.9144,synthetic,94
Perch,212.7,23.9,26.2,28.0,7.4428,4.1772,synthetic,86
Perch,168.3,22.0,24.2,25.8,6.6563,3.8681,synthetic,88
Perch,449.0,32.1,35.1,37.2,9.5191,5.9453,synthetic,126
Perch,216.4,23.2,25.0,26.3,7.3211,4.4012,synthetic,102
Perch,710.3,31.3,33.8,36.0,10.3497,7.3019,synthetic,111
Perch,120.4,19.5,21.5,23.0,5.8916,3.4048,synthetic,83
Perch,133.2,20.8,22.8,24.3,5.9575,3.6947,synthetic,91
Perch,681.2,33.9,36.3,38.6,10.6607,6.2088,synthetic,115
Perch,1409.3,42.3,44.6,47.3,12.8945,8.9436,synthetic,116
Perch,263.8,23.9,25.7,27.2,7.7806,3.9903,synthetic,96
Perch,479.4,29.1,31.6,33.6,9.5935,5.8768,synthetic,121
Perch,545.9,33.2,35.2,36.9,9.6009,5.8543,synthetic,107
Perch,456.6,30.0,32.0,34.1,9.5394,5.9773,synthetic,112
Perch,20.1,11.0,12.2,13.0,2.9813,1.7144,synthetic,73
Perch,901.1,36.9,39.4,41.6,11.8506,7.6723,synthetic,110
Perch,115.0,18.9,20.8,21.7,5.3358,3.2607,synthetic,104
Pike,618.5,41.4,44.4,46.7,8.3501,5.1922,synthetic,136
Pike,774.9,45.9,49.4,52.7,9.2073,6.2282,synthetic,141
Pike,432.1,36.7,39.4,43.5,6.8052,4.9547,synthetic,130
Pike,779.4,44.5,47.6,50.8,7.4934,5.3935,synthetic,139
Pike,698.3,46.1,49.6,52.8,8.229,5.7514,synthetic,137
Pike,363.6,36.5,39.1,41.6,6.5032,4.0668,synthetic,133
Pike,424.7,37.8,40.7,43.6,7.1654,4.6676,synthetic,131
Pike,981.2,49.7,53.2,56.7,8.9861,6.2892,synthetic,140
Pike,245.4,31.8,34.3,37.0,6.1195,3.6668,synthetic,128
Pike,922.3,47.6,51.0,54.6,9.0679,6.0305,synthetic,144
Pike,1237.0,52.8,56.6,61.2,8.7128,5.9244,synthetic,143
Pike,394.3,36.4,38.7,41.3,6.1055,4.0087,synthetic,135
Pike,487.8,42.1,44.8,47.5,7.5008,4.7206,synthetic,138
Pike,153.2,26.1,28.0,31.2,4.837,3.4216,synthetic,129
Pike,576.0,43.2,45.9,48.5,8.0461,4.6349,synthetic,134
Pike,488.8,37.0,39.7,42.4,7.799,4.8222,synthetic,132
Pike,1252.5,53.3,57.2,60.4,9.2903,5.5859,synthetic,142
Pike,525.9,43.3,46.1,48.8,7.4149,4.6427,synthetic,138
Pike,390.6,36.6,39.2,42.0,6.0819,4.1196,synthetic,139
Pike,303.1,34.3,36.5,39.0,5.9681,3.8624,synthetic,135
Pike,458.0,40.1,42.5,45.6,6.9727,4.1706,synthetic,134
Pike,1537.0,56.7,60.6,64.8,9.1556,5.96,synthetic,142
Pike,605.9,44.8,47.9,51.0,7.5271,5.2695,synthetic,137
Pike,1381.7,52.9,56.9,60.8,9.3699,6.1274,synthetic,143
Pike,300.0,34.0,36.6,39.5,6.4239,3.9157,synthetic,128
Pike,193.1,27.6,29.6,33.2,4.7634,3.5875,synthetic,129
Pike,904.9,46.5,49.8,53.8,8.6005,6.2285,synthetic,140
Pike,1660.2,56.5,60.8,64.8,11.6196,7.8922,synthetic,141
Pike,268.8,31.4,33.7,37.3,5.6691,4.1316,synthetic,130
Pike,411.0,37.7,40.2,42.8,6.9383,4.4986,synthetic,136
Pike,648.0,40.3,43.3,46.4,8.2189,5.3747,synthetic,132
Pike,237.9,32.4,34.6,36.8,5.5611,3.4983,synthetic,133
Pike,1708.8,59.1,63.4,68.1,10.6744,7.4786,synthetic,144
Pike,495.3,39.9,42.9,45.8,7.0662,4.6527,synthetic,131
Pike,517.0,40.2,42.7,45.7,6.8945,4.5079,synthetic,135
Pike,629.4,42.2,45.2,48.2,7.4715,5.3426,synthetic,139
Pike,352.2,37.3,39.8,42.4,6.929,4.1364,synthetic,138
Pike,1171.5,50.9,54.7,58.4,10.3218,6.7515,synthetic,141
Pike,129.1,26.5,28.5,30.7,4.9691,3.0065,synthetic,128
Pike,1430.9,53.4,57.1,60.8,8.9848,5.6092,synthetic,142
Pike,1580.2,59.4,63.7,68.4,10.1896,7.1147,synthetic,144
Pike,1172.5,49.7,53.3,57.6,8.8574,5.7841,synthetic,143
Pike,374.7,37.6,39.8,42.7,6.6422,3.9055,synthetic,134
Pike,395.1,35.4,38.0,41.4,6.5546,4.561,synthetic,129
Pike,603.2,44.2,47.5,50.7,7.8911,5.3816,synthetic,137
Pike,269.9,33.6,35.9,38.4,5.6954,3.7415,synthetic,131
Pike,817.0,45.4,48.8,51.9,8.7628,5.7306,synthetic,136
Pike,414.9,38.6,41.3,44.0,6.7015,4.3786,synthetic,133
Pike,904.9,47.6,50.9,54.3,8.7783,6.0393,synthetic,140
Pike,317.1,33.5,35.9,39.6,6.0811,4.4399,synthetic,130
Pike,736.2,41.6,44.6,47.6,8.8327,5.6156,synthetic,132
Pike,915.1,47.6,50.9,54.3,8.7783,6.0393,synthetic,140
Pike,658.3,44.8,47.9,50.7,8.1004,5.2155,synthetic,138
Pike,922.3,47.6,51.0,54.6,9.0679,6.0305,synthetic,144
Pike,627.2,42.7,45.7,48.8,7.5127,4.7465,synthetic,133
Pike,176.9,28.9,31.0,33.6,5.3243,3.5743,synthetic,131
Pike,443.4,34.9,37.4,40.4,7.0683,4.6704,synthetic,132
Pike,408.7,35.7,38.2,41.3,6.1102,4.3297,synthetic,139
Pike,343.8,34.9,37.7,40.5,6.3333,3.9759,synthetic,128
Pike,260.8,32.8,34.9,37.9,6.0743,3.8156,synthetic,134
Pike,2003.3,58.6,62.9,67.2,10.915,6.8249,synthetic,142
Pike,664.3,42.7,45.8,48.8,8.5653,5.3941,synthetic,141
Pike,1517.5,55.8,59.7,63.7,9.0222,5.7474,synthetic,143
Pike,320.7,32.6,34.9,38.7,5.8699,4.233,synthetic,129
Pike,555.7,42.0,44.9,47.9,7.7586,5.011,synthetic,136
Pike,496.7,41.2,44.1,47.0,6.7269,4.5725,synthetic,137
Pike,411.2,36.3,38.8,42.9,6.5829,4.6557,synthetic,130
Pike,370.7,36.3,38.7,41.6,6.4135,4.0834,synthetic,135
Pike,629.8,44.0,46.9,50.2,8.1769,4.8917,synthetic,134
Pike,784.4,44.9,48.1,52.0,7.901,5.3357,synthetic,143
Pike,666.5,44.5,47.6,50.6,7.7222,5.4636,synthetic,137
Pike,389.2,37.8,40.4,43.0,6.7281,4.3525,synthetic,131
Pike,1520.2,55.0,58.9,62.8,9.4292,5.9925,synthetic,142
Pike,402.8,35.2,37.7,41.6,6.6432,4.8205,synthetic,130
Pike,577.1,41.6,44.4,47.5,7.1315,4.7003,synthetic,139
Pike,1145.8,53.3,57.1,61.3,9.7022,6.3274,synthetic,144
Pike,1660.2,56.5,60.8,64.8,11.6196,7.8922,synthetic,141
Pike,363.6,36.5,39.1,41.6,6.5032,4.0668,synthetic,133
Pike,424.9,37.4,39.7,42.4,6.4406,4.2101,synthetic,135
Pike,720.3,45.3,48.5,51.7,8.0356,5.5625,synthetic,140
Pike,553.8,41.3,44.2,47.0,7.7645,5.0202,synthetic,136
Pike,520.9,41.9,44.7,47.4,8.0693,5.1077,synthetic,138
Pike,250.1,30.1,32.3,35.7,5.4225,4.0369,synthetic,129
Pike,177.6,28.7,31.0,33.4,5.3193,3.2777,synthetic,128
Pike,635.4,40.0,42.9,45.7,8.2357,5.3943,synthetic,132
Pike,725.4,44.5,47.5,50.7,7.9798,5.3808,synthetic,140
Pike,557.8,39.7,42.4,46.6,7.1914,5.5014,synthetic,130
Pike,262.6,32.4,34.7,37.1,6.0075,3.5635,synthetic,133
Pike,353.9,34.1,36.5,40.5,5.8944,4.3373,synthetic,129
Pike,471.2,39.0,41.9,44.2,7.5877,4.66,synthetic,136
Pike,1164.3,50.6,54.4,58.7,8.9193,5.9794,synthetic,143
Pike,517.0,40.2,42.7,45.7,6.8945,4.5079,synthetic,135
Pike,926.1,48.2,51.5,55.1,8.4951,5.3088,synthetic,142
Pike,453.6,39.9,42.6,45.2,7.198,4.5585,synthetic,138
Pike,1089.4,50.1,53.6,57.3,8.2595,5.6874,synthetic,139
Pike,301.4,32.0,34.3,36.6,6.7912,4.328,synthetic,132
Pike,467.4,38.8,41.3,44.9,7.0596,4.4364,synthetic,134
Pike,1350.5,52.0,56.0,59.7,10.6892,6.9796,synthetic,141
Pike,165.2,28.3,30.4,32.7,5.1296,3.1444,synthetic,128
Pike,346.5,36.4,39.1,41.5,6.5612,4.2839,synthetic,131
Pike,507.8,42.0,45.0,48.0,7.0171,4.9036,synthetic,137
Pike,2207.5,64.2,69.2,74.1,11.7754,8.047,synthetic,144
Pike,274.3,33.3,35.9,38.1,6.3211,3.7102,synthetic,128
Pike,849.6,46.3,49.5,52.9,7.6299,5.4239,synthetic,139
Pike,533.3,40.2,43.0,45.9,7.4074,4.8653,synthetic,136
Pike,1312.2,53.0,56.6,60.4,8.7919,5.7564,synthetic,142
Pike,363.6,36.5,39.1,41.6,6.5032,4.0668,synthetic,133
Pike,533.7,43.4,46.5,48.9,7.2055,4.7366,synthetic,137
Pike,944.2,51.3,54.7,57.2,9.7066,5.8678,synthetic,138
Pike,458.0,40.1,42.5,45.6,6.9727,4.1706,synthetic,134
Pike,247.1,30.5,32.6,36.2,5.4598,3.73,synthetic,129
Pike,1631.4,57.1,61.0,65.2,9.873,6.1726,synthetic,143
Pike,317.2,31.9,34.2,37.0,6.5837,4.212,synthetic,132
Pike,1388.9,56.2,60.5,63.6,11.0755,7.1551,synthetic,141
Pike,499.2,39.3,42.1,45.5,7.4001,5.357,synthetic,140
Pike,327.2,33.5,36.0,39.7,6.3725,4.6665,synthetic,130
Pike,816.8,45.8,48.8,52.3,8.2739,5.5066,synthetic,135
Pike,1547.5,57.0,61.2,65.6,10.1945,7.2605,synthetic,144
Pike,390.2,38.0,40.8,43.7,6.8561,4.3966,synthetic,131
Pike,532.4,41.8,44.9,47.2,7.8924,4.8451,synthetic,131
Pike,872.0,48.7,52.3,56.0,9.0295,6.1525,synthetic,144
Pike,397.0,37.5,40.0,42.7,6.2602,3.8856,synthetic,133
Pike,638.2,41.8,44.9,47.8,8.3242,5.5976,synthetic,136
Pike,2284.5,62.4,67.1,71.7,10.7867,7.3095,synthetic,142
Pike,673.0,46.8,50.2,53.5,7.5406,5.4531,synthetic,137
Pike,705.7,44.0,47.1,50.2,8.1092,5.7595,synthetic,140
Pike,1638.9,55.6,59.6,63.6,9.7061,6.2186,synthetic,143
Pike,944.2,50.7,54.2,56.6,9.5722,5.7583,synthetic,138
Pike,431.1,36.3,38.7,42.0,6.4254,4.2536,synthetic,135
Pike,504.6,39.5,42.1,45.0,6.7919,4.76,synthetic,139
Pike,444.8,38.4,40.9,44.4,7.0172,4.4533,synthetic,134
Pike,141.2,26.4,28.4,30.5,5.2055,3.1602,synthetic,128
Pike,476.9,37.4,40.1,44.5,6.5963,4.8402,synthetic,129
Pike,335.3,33.8,36.1,39.8,6.33,4.4315,synthetic,130
Pike,766.2,45.9,49.4,52.7,9.2073,6.2282,synthetic,141
Pike,535.4,37.9,40.4,43.2,7.5319,4.7878,synthetic,132
Pike,382.2,37.8,40.4,42.5,6.6778,3.9283,synthetic,133
Pike,486.7,38.5,41.3,45.7,7.161,5.3358,synthetic,130
Pike,615.1,42.3,45.2,48.2,8.1488,5.6643,synthetic,140
Pike,1274.3,50.7,54.4,58.2,9.1533,5.884,synthetic,143
Pike,403.8,38.6,40.9,43.8,7.0068,4.1017,synthetic,134
Pike,335.3,35.8,38.3,40.7,6.6669,4.0984,synthetic,131
Pike,755.2,48.1,51.6,55.2,7.8854,5.6069,synthetic,137
Pike,1042.1,53.7,57.2,59.9,9.7471,6.0124,synthetic,138
Pike,749.0,44.5,47.6,50.8,7.6672,5.3342,synthetic,139
Pike,1158.4,50.9,54.7,58.4,10.3218,6.7515,synthetic,141
Pike,387.2,35.4,37.8,41.3,6.2549,4.3395,synthetic,129
Pike,928.2,45.0,48.1,51.1,8.8782,5.7089,synthetic,132
Pike,414.4,37.6,39.8,42.7,6.2674,4.0163,synthetic,135
Pike,1126.6,50.2,53.8,57.1,9.42,6.3263,synthetic,136
Pike,270.2,33.1,35.5,38.1,6.0302,3.7194,synthetic,128
Pike,2114.3,60.7,65.3,70.0,10.5294,7.0062,synthetic,142
Pike,1022.5,50.6,54.4,58.3,9.683,6.7348,synthetic,144
Roach,158.2,20.3,21.6,23.9,6.7647,3.8767,synthetic,39
Roach,281.7,25.6,27.6,31.2,8.4316,4.7428,synthetic,53
Roach,142.8,20.0,21.8,24.3,5.7744,3.702,synthetic,43
Roach,78.0,17.7,19.2,21.6,5.7062,2.8929,synthetic,37
Roach,226.6,25.5,27.1,29.9,7.6322,4.1674,synthetic,51
Roach,142.1,20.4,22.2,24.7,7.205,3.6395,synthetic,41
Roach,96.1,18.2,19.8,22.1,5.8589,3.1337,synthetic,36
Roach,68.1,16.6,18.2,20.5,5.2647,2.8607,synthetic,38
Roach,154.2,21.2,22.6,25.1,6.6962,3.623,synthetic,47
Roach,35.2,12.5,13.7,15.6,4.028,2.1971,synthetic,35
Roach,130.9,20.9,22.5,25.7,6.5073,3.3406,synthetic,49
Roach,120.5,19.7,21.3,24.0,6.133,3.2499,synthetic,42
Roach,180.0,22.6,24.3,27.1,7.0924,3.9663,synthetic,54
Roach,193.6,21.9,23.4,26.0,7.3008,3.8963,synthetic,44
Roach,210.2,22.7,24.0,27.3,7.4674,4.0424,synthetic,50
Roach,176.8,22.4,24.0,26.8,7.2644,3.582,synthetic,46
Roach,186.7,21.5,23.5,26.3,7.3744,3.8608,synthetic,45
Roach,227.1,21.9,23.9,26.9,8.2069,4.1885,synthetic,52
Roach,164.0,22.0,24.0,27.2,7.4009,3.7264,synthetic,48
Roach,48.1,13.5,14.6,16.8,4.3157,2.4378,synthetic,35
Roach,198.2,22.1,23.8,26.2,7.5236,4.295,synthetic,39
Roach,134.9,20.2,22.0,24.9,6.433,3.4031,synthetic,42
Roach,59.1,15.7,17.0,19.3,5.1202,2.6486,synthetic,37
Roach,286.0,26.9,29.1,32.2,8.4293,4.8621,synthetic,54
Roach,233.3,23.5,25.4,28.8,8.1188,4.3874,synthetic,53
Roach,58.6,15.8,17.3,19.4,4.9081,2.7413,synthetic,38
Roach,173.8,21.4,23.1,25.5,7.1463,3.9115,synthetic,44
Roach,160.4,21.8,23.6,26.6,7.2833,3.7145,synthetic,48
Roach,119.0,19.7,21.6,24.2,6.4917,3.5111,synthetic,41
Roach,150.8,21.0,22.5,25.0,6.4709,3.6077,synthetic,47
Roach,227.4,23.1,24.5,27.8,7.7115,4.3453,synthetic,50
Roach,141.2,20.0,22.0,24.7,6.7827,3.7498,synthetic,45
Roach,248.5,26.4,28.3,31.3,7.9741,4.4767,synthetic,51
Roach,119.6,19.0,20.5,22.8,5.3745,3.3704,synthetic,43
Roach,45.8,14.6,16.2,17.9,4.5757,2.4055,synthetic,36
Roach,269.8,23.6,25.6,28.7,8.6161,4.3991,synthetic,52
Roach,165.6,22.9,24.2,27.4,6.9001,3.6574,synthetic,49
Roach,140.1,20.9,22.5,25.0,6.5539,3.3525,synthetic,46
Roach,291.0,26.1,28.0,31.2,8.3934,4.7686,synthetic,54
Roach,318.8,24.7,26.7,29.9,9.0131,4.7498,synthetic,52
Roach,159.5,21.8,23.8,26.4,7.0372,3.9467,synthetic,41
Roach,119.2,18.6,20.0,22.3,6.042,3.5627,synthetic,39
Roach,144.6,20.3,22.0,24.4,6.8523,3.5606,synthetic,44
Roach,153.3,20.9,22.4,24.8,6.4381,3.8209,synthetic,47
Roach,251.5,26.2,28.0,31.0,8.0097,4.5796,synthetic,51
Roach,149.1,20.4,22.0,24.7,5.8785,3.7397,synthetic,43
Roach,107.0,18.8,20.5,23.2,6.0811,3.1961,synthetic,42
Roach,166.2,20.9,22.2,25.1,6.8165,3.9023,synthetic,50
Roach,226.3,24.2,26.5,29.6,8.3044,4.3679,synthetic,48
Roach,40.2,13.1,14.2,16.4,4.1928,2.2493,synthetic,35
Roach,183.7,22.7,24.5,27.3,7.2831,3.6955,synthetic,46
Roach,131.2,19.1,21.1,23.6,6.5207,3.5135,synthetic,45
Roach,158.9,21.6,23.3,26.6,7.1133,3.6359,synthetic,49
Roach,254.7,24.3,26.5,30.1,8.6265,4.6508,synthetic,53
Roach,104.5,18.9,20.4,23.1,6.2289,3.3692,synthetic,37
Roach,77.5,17.5,19.1,21.5,5.4111,3.0136,synthetic,38
Roach,78.2,17.3,19.0,21.1,5.5472,2.9015,synthetic,36
Roach,178.6,21.4,23.0,26.1,7.1838,3.9635,synthetic,50
Roach,274.8,25.7,27.8,31.4,8.5412,4.8012,synthetic,53
Roach,179.0,20.9,22.8,25.9,7.2917,4.0976,synthetic,45
Roach,106.9,19.3,20.6,22.9,5.8977,3.0413,synthetic,46
Roach,138.2,19.1,20.5,23.0,6.5244,3.8592,synthetic,39
Roach,156.4,21.0,22.3,24.8,6.7474,3.6515,synthetic,44
Roach,376.5,29.0,31.1,34.1,9.4106,5.2834,synthetic,54
Roach,70.7,15.7,17.1,19.6,5.0507,2.7871,synthetic,35
Roach,89.6,18.1,19.6,21.8,5.3898,3.2053,synthetic,38
Roach,162.0,22.1,24.0,27.1,7.7555,3.6532,synthetic,48
Roach,130.3,19.8,21.6,24.5,6.4702,3.4951,synthetic,42
Roach,151.4,21.0,22.5,25.0,6.6334,3.7921,synthetic,41
Roach,367.6,25.4,27.6,30.9,9.8183,4.9059,synthetic,52
Roach,95.4,19.0,20.4,22.8,5.9703,3.1508,synthetic,37
Roach,108.9,19.4,21.3,23.7,6.2042,3.2962,synthetic,36
Roach,168.4,22.1,23.6,26.1,6.8835,3.8334,synthetic,47
Roach,184.6,21.5,23.0,25.8,6.1537,3.9829,synthetic,43
Roach,230.3,25.2,27.0,29.8,7.7917,4.3284,synthetic,51
Roach,140.9,20.9,22.2,25.3,6.3964,3.4408,synthetic,49
Roach,318.5,27.7,29.9,32.9,8.4009,4.98,synthetic,54
Roach,96.8,18.4,19.9,22.4,5.3084,3.1209,synthetic,42
Roach,155.6,20.8,22.3,25.1,5.9846,3.7778,synthetic,43
Roach,163.7,21.3,22.9,25.6,6.9786,3.9035,synthetic,41
Roach,204.5,23.5,25.6,29.0,8.5208,4.1468,synthetic,48
Roach,215.9,23.9,25.3,28.0,7.1277,4.2555,synthetic,47
Roach,218.9,22.3,23.7,27.2,7.63,4.3927,synthetic,50
Roach,140.9,20.9,22.2,25.3,6.3964,3.4408,synthetic,49
Roach,175.7,23.5,24.9,27.5,6.8063,3.8681,synthetic,51
Roach,68.3,16.3,18.0,20.1,5.3055,2.7751,synthetic,36
Roach,347.1,25.0,27.2,30.6,9.3467,4.8426,synthetic,52
Roach,104.5,18.9,20.4,23.1,6.2289,3.3692,synthetic,37
Roach,133.7,20.9,22.5,25.0,6.6073,3.1992,synthetic,46
Roach,158.2,20.3,21.6,23.9,6.7647,3.8767,synthetic,39
Roach,194.3,22.6,24.3,27.5,7.5103,4.2112,synthetic,53
Roach,144.9,20.8,22.3,24.9,6.8117,3.4978,synthetic,44
Roach,80.6,18.1,19.7,21.9,5.469,2.9811,synthetic,38
Roach,106.0,18.3,20.1,22.6,6.0265,3.2928,synthetic,45
Roach,45.4,13.5,14.7,16.9,4.3437,2.3759,synthetic,35
Roach,132.1,20.9,22.6,25.1,6.5963,3.2674,synthetic,46
Roach,138.4,19.9,21.4,23.5,6.4791,3.7248,synthetic,39
Roach,85.7,17.5,19.1,21.5,5.3215,3.1714,synthetic,38
Roach,256.5,25.9,27.9,30.6,8.1507,4.5688,synthetic,54
Roach,46.3,13.7,15.1,17.4,4.5993,2.3836,synthetic,35
Roach,124.7,19.8,21.4,23.7,6.3086,3.5919,synthetic,41
Roach,191.5,22.9,24.7,27.4,7.2627,3.8889,synthetic,42
Roach,61.8,16.6,18.0,20.2,5.1481,2.7075,synthetic,37
Roach,138.9,20.2,21.6,24.5,6.6223,3.6006,synthetic,50
Roach,158.0,20.5,22.5,25.2,6.9876,3.7987,synthetic,45
Roach,104.1,18.1,19.5,22.0,5.1633,3.1646,synthetic,43
Roach,161.6,20.7,22.2,24.6,6.4988,3.7023,synthetic,47
Roach,158.8,22.5,23.9,26.3,6.7371,3.786,synthetic,51
Roach,277.2,25.3,27.2,30.8,8.5236,4.608,synthetic,53
Roach,156.4,20.8,22.3,24.9,6.9743,3.6583,synthetic,44
Roach,180.6,22.6,24.5,27.7,7.5923,3.7841,synthetic,48
Roach,318.8,24.7,26.7,29.9,9.0131,4.7498,synthetic,52
Roach,107.6,18.7,20.3,22.8,6.0867,3.3043,synthetic,36
Roach,142.0,21.3,22.7,25.6,6.6244,3.4417,synthetic,49
Roach,74.1,16.9,18.6,20.7,5.4151,2.8921,synthetic,36
Roach,139.1,20.0,21.7,24.6,6.4506,3.4647,synthetic,42
Roach,121.9,19.5,21.2,23.8,6.5316,3.5169,synthetic,41
Roach,191.3,23.7,25.8,29.2,7.7834,3.9325,synthetic,48
Roach,211.7,23.9,25.4,29.0,7.7455,4.1327,synthetic,49
Roach,159.3,21.1,22.8,25.5,6.0141,3.73,synthetic,43
Roach,230.3,25.2,27.0,29.8,7.7917,4.3284,synthetic,51
Roach,300.9,25.5,27.1,30.8,8.5019,4.7771,synthetic,50
Roach,131.5,19.6,21.4,24.1,6.4821,3.4515,synthetic,45
Roach,125.0,20.4,22.1,24.9,6.4563,3.5807,synthetic,38
Roach,61.9,15.0,16.4,18.6,4.8523,2.7224,synthetic,35
Roach,82.8,17.8,19.1,21.5,5.6695,2.9683,synthetic,37
Roach,227.6,24.0,25.9,29.3,8.1011,4.5823,synthetic,53
Roach,145.6,21.2,22.9,25.4,6.5707,3.4586,synthetic,46
Roach,418.6,28.0,30.1,33.4,10.1125,5.0302,synthetic,52
Roach,418.7,30.6,32.7,36.1,9.6017,5.4068,synthetic,54
Roach,81.8,16.8,18.1,20.1,5.3923,3.1012,synthetic,39
Roach,142.9,20.5,21.9,24.3,5.8959,3.6572,synthetic,47
Roach,189.9,23.1,24.8,27.2,7.3727,3.9984,synthetic,44
Roach,179.7,23.3,25.1,27.8,7.5249,3.899,synthetic,51
Roach,116.6,18.2,19.4,22.2,5.9315,3.3877,synthetic,50
Roach,375.3,25.6,27.7,31.2,9.5131,4.9755,synthetic,52
Roach,356.0,27.9,30.1,33.9,9.9129,5.2571,synthetic,53
Roach,107.0,18.1,19.6,21.8,6.1718,3.4395,synthetic,39
Roach,117.3,19.0,20.6,23.4,6.1078,3.2407,synthetic,42
Roach,161.1,21.0,23.0,25.9,7.1581,3.8039,synthetic,45
Roach,54.6,14.3,15.7,18.1,4.8112,2.5736,synthetic,35
Roach,126.7,20.5,21.9,24.4,6.2401,3.1829,synthetic,46
Roach,331.1,27.3,29.2,32.4,7.8553,5.0533,synthetic,43
Roach,145.5,21.1,22.8,25.2,6.7355,3.674,synthetic,41
Roach,187.1,23.0,24.4,27.7,7.2583,3.8723,synthetic,49
Roach,78.5,17.8,19.3,21.6,5.5254,3.0768,synthetic,38
Roach,110.8,18.3,19.6,22.1,5.5853,3.282,synthetic,47
Roach,292.5,26.5,28.7,31.6,8.5345,4.7614,synthetic,54
Roach,210.0,22.7,24.1,26.8,7.4516,4.0605,synthetic,44
Roach,142.7,21.4,23.3,26.5,7.1561,3.5447,synthetic,48
Roach,151.9,21.8,23.2,26.1,6.9528,3.7153,synthetic,37
Roach,63.7,16.5,18.2,20.4,5.2126,2.6893,synthetic,36
Roach,313.7,25.9,27.8,31.5,9.0551,4.915,synthetic,53
Roach,89.5,17.4,18.7,20.9,5.4868,3.2082,synthetic,39
Roach,232.2,22.5,24.3,27.1,8.0325,4.2154,synthetic,52
Roach,212.5,23.4,25.2,28.0,6.7556,4.3078,synthetic,43
Roach,138.9,20.3,22.0,24.5,6.7362,3.6174,synthetic,41
Roach,325.8,27.5,29.6,32.6,9.3678,5.06,synthetic,54
Roach,289.9,25.1,27.3,30.6,8.5693,4.7548,synthetic,45
Roach,100.0,19.3,20.8,23.1,5.7441,3.142,synthetic,51
Roach,119.3,19.8,21.4,24.2,6.0845,3.3949,synthetic,42
Roach,204.4,23.3,24.8,28.1,7.2226,3.9875,synthetic,49
Roach,142.5,19.8,21.3,23.4,6.1833,3.7597,synthetic,47
Roach,55.1,14.1,15.2,17.4,4.5938,2.5811,synthetic,35
Roach,224.3,24.3,25.9,28.3,7.7807,4.0638,synthetic,44
Roach,159.9,21.3,22.7,25.9,6.9035,3.8514,synthetic,50
Roach,158.8,21.3,22.8,25.6,6.8391,3.6162,synthetic,46
Roach,183.6,22.8,24.8,28.1,7.5104,3.8948,synthetic,48
Roach,87.1,18.4,20.0,22.4,5.7535,3.0687,synthetic,38
Roach,75.0,16.8,18.6,20.8,5.1675,2.95,synthetic,36
Roach,69.2,16.7,18.1,20.2,5.3343,2.8223,synthetic,37
Roach,213.5,21.3,23.0,26.2,7.8972,4.0154,synthetic,52
Roach,122.4,20.1,21.3,23.7,5.7701,3.4011,synthetic,47
Roach,82.4,17.4,18.9,21.0,5.4977,3.1979,synthetic,38
Roach,137.9,19.9,21.7,24.2,5.7757,3.6398,synthetic,43
Roach,158.0,20.5,22.5,25.2,6.9876,3.7987,synthetic,45
Roach,117.0,19.7,21.4,24.0,6.2996,3.4445,synthetic,41
Roach,156.0,21.0,22.3,25.4,6.7575,3.8165,synthetic,50
Roach,356.0,27.9,30.1,33.9,9.9129,5.2571,synthetic,53
Roach,57.3,14.9,16.4,18.6,4.7392,2.6029,synthetic,35
Smelt,7.0,9.3,9.8,10.8,1.7398,1.1081,synthetic,145
Smelt,9.4,10.9,11.6,12.6,1.9637,1.3937,synthetic,147
Smelt,10.8,11.9,12.5,13.8,2.2404,1.1402,synthetic,152
Smelt,9.8,10.5,11.1,12.1,2.1949,1.3735,synthetic,148
Smelt,8.1,10.4,11.0,11.8,1.8735,1.0192,synthetic,156
Smelt,20.0,13.3,14.5,15.2,2.8241,2.0303,synthetic,157
Smelt,9.8,10.4,10.9,12.0,2.0902,1.37,synthetic,149
Smelt,8.5,11.0,11.5,12.9,1.9231,1.2552,synthetic,150
Smelt,13.2,11.6,12.4,13.5,2.1838,1.4764,synthetic,154
Smelt,7.2,9.9,10.3,11.5,1.972,1.1843,synthetic,146
Smelt,16.3,12.8,13.7,14.7,2.6532,1.3609,synthetic,155
Smelt,8.6,10.9,11.5,12.7,2.0224,1.0527,synthetic,153
Smelt,19.4,13.3,14.5,15.6,2.9579,1.8612,synthetic,158
Smelt,14.4,12.7,13.4,14.8,2.5558,1.5351,synthetic,151
Smelt,14.8,12.8,13.6,14.8,2.6561,1.5128,synthetic,152
Smelt,8.9,9.9,10.5,11.4,2.0938,1.2747,synthetic,148
Smelt,6.7,9.7,10.1,11.1,1.7461,1.205,synthetic,147
Smelt,6.8,9.9,10.3,11.6,1.8404,1.004,synthetic,151
Smelt,9.9,10.7,11.3,12.5,2.0931,1.2811,synthetic,149
Smelt,7.4,10.3,10.8,11.9,1.8216,1.1119,synthetic,150
Smelt,13.0,11.4,12.1,13.2,2.3514,1.3168,synthetic,155
Smelt,12.1,12.4,13.2,14.2,2.2743,1.1864,synthetic,156
Smelt,18.4,12.7,13.8,14.7,2.7338,2.0429,synthetic,157
Smelt,10.4,11.6,12.2,13.4,2.2949,1.1235,synthetic,153
Smelt,6.8,9.6,10.2,11.1,1.7372,1.0677,synthetic,145
Smelt,9.7,10.8,11.4,12.6,1.9454,1.3409,synthetic,154
Smelt,9.0,10.9,11.4,12.6,2.1761,1.2653,synthetic,146
Smelt,13.1,12.2,13.1,14.4,2.4815,1.4684,synthetic,158
Smelt,13.9,12.8,13.8,14.7,2.4287,1.4563,synthetic,156
Smelt,10.2,10.7,11.3,12.3,2.2834,1.3182,synthetic,148
Smelt,10.6,11.0,11.7,12.7,2.1147,1.2708,synthetic,149
Smelt,11.4,11.3,12.0,13.2,2.0151,1.3862,synthetic,154
Smelt,8.9,10.8,11.4,12.6,1.9979,1.2883,synthetic,150
Smelt,8.7,10.6,11.0,12.2,2.0643,1.115,synthetic,151
Smelt,14.6,12.3,13.3,14.2,2.4681,1.9052,synthetic,157
Smelt,9.1,11.1,11.6,12.9,2.1258,1.1076,synthetic,152
Smelt,18.8,14.0,15.1,16.4,2.8512,1.6958,synthetic,158
Smelt,10.5,10.6,11.1,12.3,2.1787,1.192,synthetic,155
Smelt,7.7,10.1,10.6,11.7,1.9923,1.1341,synthetic,146
Smelt,11.1,11.8,12.4,13.6,2.3299,1.1614,synthetic,153
Smelt,7.4,10.5,11.0,12.0,1.7655,1.2039,synthetic,147
Smelt,6.3,9.4,9.9,10.9,1.7167,1.0334,synthetic,145
Smelt,9.0,10.8,11.3,12.5,2.1195,1.1372,synthetic,152
Smelt,9.8,10.4,11.0,12.1,2.0869,1.3624,synthetic,149
Smelt,7.8,10.3,10.8,11.8,1.7327,1.1996,synthetic,147
Smelt,18.5,13.1,14.3,15.3,2.8388,1.9287,synthetic,158
Smelt,14.3,12.1,12.9,13.9,2.5186,1.6506,synthetic,157
Smelt,7.8,9.6,10.2,11.1,1.8405,1.1055,synthetic,145
Smelt,11.1,11.0,11.6,12.7,2.3989,1.3735,synthetic,148
Smelt,6.8,9.8,10.1,11.3,1.8267,1.0396,synthetic,151
Smelt,12.8,11.7,12.4,13.4,2.2912,1.269,synthetic,155
Smelt,12.2,11.8,12.5,13.8,2.1059,1.3496,synthetic,154
Smelt,8.2,10.3,10.7,12.0,1.9717,1.3334,synthetic,150
Smelt,11.4,12.2,12.8,14.1,2.4056,1.2539,synthetic,153
Smelt,10.3,11.7,12.4,13.4,2.1034,1.2676,synthetic,156
Smelt,8.2,10.4,10.9,12.1,1.9946,1.2196,synthetic,146
Smelt,12.0,12.3,13.2,14.0,2.3149,1.2137,synthetic,156
Smelt,10.6,11.4,12.0,13.4,2.1913,1.4927,synthetic,150
Smelt,9.6,11.1,11.6,12.9,2.1219,1.3336,synthetic,151
Smelt,7.0,9.5,10.0,11.0,1.779,1.0718,synthetic,145
Smelt,9.0,10.8,11.3,12.5,2.1195,1.1372,synthetic,152
Smelt,5.9,9.4,9.9,10.8,1.6543,1.0489,synthetic,147
Smelt,9.8,10.5,11.1,12.1,2.1949,1.3735,synthetic,148
Smelt,11.1,11.4,12.1,13.3,2.303,1.4012,synthetic,146
Smelt,8.8,10.9,11.5,12.6,2.1225,1.2004,synthetic,153
Smelt,13.1,12.0,12.9,14.0,2.4631,1.5204,synthetic,158
Smelt,16.8,12.3,13.2,14.2,2.6444,1.5701,synthetic,155
Smelt,13.0,11.7,12.5,13.6,2.4363,1.6,synthetic,157
Smelt,12.1,11.5,12.1,13.3,2.3149,1.3236,synthetic,149
Smelt,13.0,11.8,12.6,13.6,2.1213,1.4238,synthetic,154
Smelt,10.3,10.6,11.2,12.2,2.1746,1.3148,synthetic,149
Smelt,9.5,10.9,11.5,12.7,1.9565,1.3275,synthetic,150
Smelt,12.2,11.4,11.9,13.2,2.3797,1.284,synthetic,155
Smelt,13.8,12.4,13.2,14.5,2.4659,1.5785,synthetic,158
Smelt,7.8,10.5,10.8,12.1,1.9953,1.1198,synthetic,151
Smelt,12.0,11.5,12.2,13.4,2.0997,1.3857,synthetic,154
Smelt,6.5,10.1,10.5,11.6,1.7102,1.1287,synthetic,147
Smelt,22.1,13.7,14.8,15.8,2.8554,2.1129,synthetic,157
Smelt,12.2,11.3,12.0,13.1,2.3476,1.5244,synthetic,148
Smelt,12.9,12.1,12.9,14.1,2.45,1.405,synthetic,152
Smelt,5.2,8.7,9.0,10.0,1.5407,0.9329,synthetic,145
Smelt,6.0,9.4,9.8,10.9,1.7951,0.9813,synthetic,146
Smelt,8.7,10.9,11.5,12.6,2.012,1.1578,synthetic,153
Smelt,12.1,12.2,13.1,14.0,2.3186,1.2204,synthetic,156
Smelt,11.4,11.3,12.1,13.3,2.4167,1.4063,synthetic,146
Smelt,10.4,10.9,11.4,12.6,2.181,1.2363,synthetic,149
Smelt,6.1,9.7,10.1,11.2,1.5754,1.008,synthetic,147
Smelt,14.2,12.2,13.0,14.0,2.4837,1.2658,synthetic,155
Smelt,8.4,10.8,11.2,12.3,2.0159,1.1108,synthetic,151
Smelt,9.9,11.4,12.0,13.2,2.2024,1.1642,synthetic,153
Smelt,14.9,12.7,13.7,14.5,2.4474,1.3038,synthetic,156
Smelt,10.9,11.2,11.9,13.0,2.058,1.3378,synthetic,154
Smelt,21.6,14.5,15.7,17.0,3.1099,1.9533,synthetic,158
Smelt,9.3,11.0,11.5,12.8,2.0818,1.2878,synthetic,150
Smelt,9.5,11.3,11.8,13.2,2.1696,1.1828,synthetic,152
Smelt,16.1,12.1,13.0,13.9,2.5631,1.9108,synthetic,157
Smelt,9.3,10.2,10.8,11.7,2.1924,1.323,synthetic,148
Smelt,7.6,10.0,10.6,11.6,1.8027,1.0355,synthetic,145
Smelt,9.5,11.1,11.8,12.8,1.9518,1.3494,synthetic,147
Smelt,9.9,10.9,11.3,12.6,2.0532,1.2453,synthetic,149
Smelt,11.1,10.9,11.5,12.6,2.4026,1.4306,synthetic,148
Smelt,18.3,12.6,13.7,14.5,2.7869,2.0288,synthetic,157
Smelt,9.5,11.1,11.5,12.9,2.1252,1.2297,synthetic,152
Smelt,9.0,11.1,11.7,12.9,2.1587,1.124,synthetic,153
Smelt,21.2,14.1,15.2,16.6,3.1167,1.8235,synthetic,158
Smelt,11.6,11.6,12.4,13.5,2.0504,1.3804,synthetic,154
Smelt,14.1,11.7,12.5,13.6,2.3544,1.3124,synthetic,155
Smelt,10.8,11.5,12.3,13.1,2.1738,1.2158,synthetic,156
Smelt,11.5,11.9,12.6,13.9,2.2637,1.4835,synthetic,150
Smelt,7.8,10.3,10.8,12.0,2.0073,1.1345,synthetic,146
Smelt,9.1,10.3,11.0,12.0,1.9624,1.2423,synthetic,145
Smelt,11.0,11.5,12.0,13.2,2.2996,1.3713,synthetic,151
Smelt,8.7,10.3,10.9,11.8,2.0502,1.3212,synthetic,148
Smelt,12.9,11.3,12.0,13.0,2.3972,1.3077,synthetic,155
Smelt,8.8,10.3,10.8,12.0,2.1329,1.2213,synthetic,146
Smelt,10.1,11.6,12.4,13.2,2.083,1.0517,synthetic,156
Smelt,11.2,11.4,12.0,13.2,2.4131,1.2621,synthetic,152
Smelt,17.1,12.9,13.9,14.9,2.85,1.8411,synthetic,157
Smelt,8.8,10.7,11.2,12.4,2.0697,1.1971,synthetic,151
Smelt,7.9,10.5,11.1,12.2,2.0591,1.0489,synthetic,153
Smelt,13.3,12.0,12.7,14.0,2.1903,1.3882,synthetic,154
Smelt,8.1,10.0,10.5,11.6,1.9004,1.1523,synthetic,145
Smelt,9.1,10.5,10.9,12.1,2.0905,1.2409,synthetic,149
Smelt,18.7,13.5,14.6,15.8,2.8472,1.8135,synthetic,158
Smelt,10.6,11.4,12.0,13.2,2.244,1.4879,synthetic,150
Smelt,5.0,9.3,9.6,10.6,1.4696,0.9392,synthetic,147
Whitefish,1189.4,38.1,40.8,44.3,13.21,7.427,synthetic,60
Whitefish,404.9,25.3,27.7,30.5,10.0181,6.4469,synthetic,58
Whitefish,557.5,30.5,33.1,36.2,10.358,5.3155,synthetic,59
Whitefish,284.9,24.5,26.9,29.7,8.305,4.3486,synthetic,56
Whitefish,284.9,24.0,26.5,29.2,8.5203,4.3478,synthetic,55
Whitefish,318.8,25.9,28.3,31.1,8.8833,4.7456,synthetic,57
Whitefish,298.2,23.5,25.8,28.5,8.8651,5.3209,synthetic,58
Whitefish,386.9,25.9,28.4,31.2,9.6285,5.2679,synthetic,55
Whitefish,605.5,32.1,34.7,38.0,10.6179,5.5076,synthetic,60
Whitefish,757.1,33.1,35.8,39.0,11.5591,6.4411,synthetic,59
Whitefish,284.9,24.5,26.9,29.7,8.305,4.3486,synthetic,56
Whitefish,197.4,22.1,24.4,27.0,7.6485,3.9133,synthetic,57
Whitefish,314.4,25.6,28.1,31.0,8.4873,4.3344,synthetic,56
Whitefish,487.4,29.2,31.8,34.7,10.1083,5.513,synthetic,57
Whitefish,800.2,34.3,37.0,40.2,11.7981,6.7238,synthetic,59
Whitefish,301.0,24.7,27.1,29.8,8.8064,4.5382,synthetic,55
Whitefish,632.3,30.7,33.3,36.4,11.0896,6.4359,synthetic,58
Whitefish,925.5,36.3,39.0,42.4,12.0821,6.3982,synthetic,60
Whitefish,301.0,25.4,27.8,30.7,8.4767,4.5395,synthetic,56
Whitefish,242.9,23.0,25.3,27.9,8.3521,4.7575,synthetic,57
Whitefish,561.8,29.3,31.8,34.7,11.0131,6.7125,synthetic,58
Whitefish,576.8,29.4,32.0,35.0,10.8679,6.4572,synthetic,59
Whitefish,301.0,24.9,27.3,30.1,8.6965,4.5386,synthetic,55
Whitefish,925.5,36.0,38.7,42.0,12.2348,6.3976,synthetic,60
Whitefish,557.5,30.8,33.4,36.5,10.2287,5.316,synthetic,59
Whitefish,519.2,29.7,32.2,35.3,10.1793,5.2934,synthetic,60
Whitefish,318.8,25.9,28.3,31.1,8.8833,4.7456,synthetic,57
Whitefish,812.6,32.2,34.8,38.0,12.1247,7.4707,synthetic,58
Whitefish,239.5,22.7,25.1,27.8,7.9798,4.3452,synthetic,56
Whitefish,507.8,29.2,31.7,34.7,10.2409,5.2548,synthetic,55
Whitefish,301.0,24.7,27.1,29.8,8.8064,4.5382,synthetic,55
Whitefish,503.0,27.5,30.0,32.9,10.4394,6.1604,synthetic,58
Whitefish,495.3,29.3,31.9,34.9,10.1582,5.5445,synthetic,59
Whitefish,318.8,25.9,28.3,31.1,8.8833,4.7456,synthetic,57
Whitefish,519.2,29.9,32.5,35.6,10.0522,5.2938,synthetic,60
Whitefish,301.0,25.4,27.8,30.7,8.4767,4.5395,synthetic,56
Whitefish,925.5,36.3,39.0,42.4,12.0821,6.3982,synthetic,60
Whitefish,301.0,25.2,27.6,30.4,8.5838,4.5391,synthetic,56
Whitefish,568.4,31.4,33.9,37.0,10.6771,5.7356,synthetic,57
Whitefish,329.0,24.3,26.7,29.5,9.1742,5.303,synthetic,58
Whitefish,239.5,22.3,24.6,27.3,8.1867,4.3444,synthetic,55
Whitefish,716.4,32.0,34.7,37.8,11.3249,6.1702,synthetic,59
Whitefish,386.9,26.1,28.6,31.4,9.5083,5.2684,synthetic,55
Whitefish,925.5,36.3,39.0,42.4,12.0821,6.3982,synthetic,60
Whitefish,531.6,28.5,31.0,34.0,10.6553,6.4309,synthetic,58
Whitefish,197.4,22.3,24.6,27.2,7.553,3.9136,synthetic,57
Whitefish,576.8,29.4,32.0,35.0,10.8679,6.4572,synthetic,59
Whitefish,460.2,28.7,31.2,34.3,9.6457,5.2735,synthetic,56
Whitefish,568.4,31.4,33.9,37.0,10.6771,5.7356,synthetic,57
Whitefish,561.8,29.3,31.8,34.7,11.0131,6.7125,synthetic,58
Whitefish,681.5,33.4,36.1,39.4,10.8267,5.2802,synthetic,60
Whitefish,757.1,33.1,35.8,39.0,11.5591,6.4411,synthetic,59
Whitefish,460.2,28.1,30.7,33.6,9.8958,5.2725,synthetic,55
Whitefish,301.0,25.2,27.6,30.4,8.5838,4.5391,synthetic,56
